Frame,Time (ms),,Mean Intensity ,,Mean Intensity ,,Mean Intensity ,,Mean Intensity ,,Mean Intensity ,,Mean Intensity ,,Mean Intensity ,,Mean Intensity ,,Mean Intensity ,,Mean Intensity ,,Mean Intensity ,,Mean Intensity ,,Mean Intensity ,,Mean Intensity ,,Mean Intensity ,,Mean Intensity ,,Mean Intensity ,,Mean Intensity ,,Mean Intensity ,,Mean Intensity ,,Mean Intensity ,,Mean Intensity ,,Mean Intensity ,,Mean Intensity ,,Mean Intensity ,,Mean Intensity ,,Mean Intensity ,,Mean Intensity 
0,908,,8.917,,8.7721,,8.0155,,8.4868,,9.4883,,7.4117,,8.8176,,10.1592,,9.3996,,9.1687,,9.6505,,8.264,,9.615,,7.8065,,11.823,,11.4284,,11.1301,,11.0011,,10.4754,,10.0755,,10.5643,,9.7263,,12.1389,,8.9375,,8.0267,,7.8448,,9.0668,,10.1332
1,11193,,9.1206,,9.0304,,8.1128,,8.4403,,9.0272,,7.4871,,9.3342,,10.5373,,9.3063,,9.1123,,9.3486,,8.3943,,9.4274,,7.8394,,11.8045,,11.2301,,10.3649,,10.605,,10.2519,,10.1412,,10.4127,,9.4613,,13.1749,,8.9194,,8.3648,,7.896,,9.0095,,9.8339
2,21193,,8.6664,,8.8433,,7.9695,,8.3937,,9.2037,,7.2064,,8.8509,,10.548,,8.7101,,8.7756,,9.054,,8.0867,,9.6788,,7.5837,,10.996,,11.6491,,10.0695,,10.3162,,9.89,,9.9221,,10.5629,,9.906,,11.9198,,9.1859,,8.1272,,7.9678,,8.6463,,9.8783
3,31193,,8.9561,,8.6517,,8.294,,8.5309,,9.5293,,7.4165,,8.8668,,10.5647,,8.9726,,9.325,,9.6913,,8.1778,,9.6328,,7.7067,,11.9547,,11.2687,,10.9301,,10.5764,,10.4351,,10.2904,,10.3548,,10.0881,,11.7439,,9.2143,,8.2299,,8.0698,,8.9326,,9.6781
4,41191,,8.3961,,8.9793,,7.9951,,8.5393,,9.5266,,7.4946,,9.2429,,11.4433,,8.7836,,9.4188,,9.2991,,8.3283,,9.9282,,7.7659,,11.1707,,11.5113,,10.0532,,10.9087,,11.138,,9.965,,11.2149,,10.6925,,12.1853,,9.3444,,8.1051,,8.0813,,9.1774,,9.8977
5,51191,,8.7126,,8.527,,8.5683,,8.4903,,9.5752,,7.8,,9.141,,10.7186,,9.247,,9.3853,,9.266,,8.2659,,10.4627,,7.8668,,11.9576,,11.4852,,10.0182,,10.9333,,9.956,,10.3212,,11.4205,,9.9127,,13.0479,,8.9141,,8.1987,,8.3727,,8.9253,,10.2639
6,61192,,8.8629,,8.5182,,8.1145,,8.2868,,9.5173,,7.8282,,9.3364,,10.7837,,8.8853,,9.2631,,9.34,,8.1653,,12.3935,,7.9865,,12.0016,,11.2691,,10.1005,,10.4236,,10.4881,,10.4515,,10.7798,,10.1763,,12.6557,,8.3802,,7.9892,,8.0506,,8.8946,,10.2295
7,71190,,8.5893,,8.4114,,8.0659,,8.6638,,9.3767,,7.971,,8.975,,11.4403,,9.0375,,9.1736,,9.2544,,8.3233,,10.7196,,7.7776,,11.7096,,11.5605,,10.4511,,10.3073,,10.3064,,10.2734,,10.6063,,9.8937,,11.839,,8.3102,,7.8425,,8.014,,9.2319,,9.8354
8,81190,,8.8095,,8.6811,,7.9509,,8.6182,,9.5835,,7.6181,,9.5563,,11.0377,,8.822,,9.2795,,9.629,,8.0472,,10.6633,,7.6816,,11.7857,,11.2018,,11.6827,,10.5641,,10.3993,,10.4675,,11.1335,,9.9628,,12.6362,,8.2846,,8.2025,,8.0496,,8.9722,,10.1101
9,101280,,13.6787,,13.6713,,8.9451,,8.7127,,11.9989,,7.7592,,9.3179,,11.2339,,9.0268,,8.9438,,9.309,,8.7092,,10.8449,,8.1497,,13.2162,,11.7017,,13.7815,,11.0443,,10.9962,,10.9825,,11.1476,,15.8464,,13.3154,,9.5822,,15.3919,,11.918,,14.0564,,10.3757
10,111250,,13.3695,,12.7148,,8.4634,,8.6507,,12.6171,,7.72,,9.115,,11.7471,,8.8357,,9.1472,,9.4958,,8.3893,,10.3877,,7.6157,,12.8941,,11.312,,12.8954,,10.6255,,10.716,,10.141,,10.6461,,14.9274,,13.0225,,9.63,,16.0843,,12.1766,,13.6849,,9.9898
11,121250,,12.3478,,12.5521,,8.0916,,8.6885,,10.4275,,7.5528,,9.2607,,12.6846,,9.1246,,9.4406,,9.228,,8.4223,,10.5198,,7.8006,,12.5689,,11.296,,13.148,,10.5008,,10.5903,,10.6195,,10.7527,,15.2363,,13.5778,,9.8059,,15.2738,,10.4224,,13.0914,,10.0299
12,131250,,11.695,,12.4666,,7.9276,,8.5227,,10.1821,,7.4559,,9.3889,,11.7644,,9.0951,,8.9663,,9.9813,,8.3847,,10.0579,,8.3945,,12.0321,,11.1294,,12.1244,,11.4139,,11.1715,,10.2048,,10.1038,,13.1692,,13.2954,,9.2139,,14.4123,,9.8971,,11.3822,,10.023
13,141251,,11.912,,12.1668,,7.9226,,8.6423,,9.8039,,7.4546,,9.1199,,11.1899,,8.9234,,9.4378,,9.1747,,8.3198,,10.3069,,7.8186,,12.1817,,11.2589,,10.7838,,11.4981,,9.8427,,10.0993,,10.3569,,12.5838,,12.6519,,9.4123,,14.3177,,9.3192,,11.2022,,10.1294
14,151249,,11.4018,,12.0392,,7.823,,8.2994,,9.8691,,7.3808,,9.1514,,11.9084,,9.1213,,9.1346,,9.335,,8.7452,,10.1356,,7.7012,,12.3869,,11.3288,,12.5844,,11.5798,,10.2258,,10.0283,,10.4539,,11.7689,,12.8815,,8.9265,,14.2571,,9.111,,10.9002,,9.6629
15,161249,,11.8262,,12.2978,,7.9838,,8.7709,,9.6687,,7.3207,,9.3126,,11.3605,,8.6657,,9.0731,,9.1512,,8.3578,,10.2326,,7.7459,,12.3578,,11.4205,,11.9547,,11.3517,,9.9985,,10.6434,,11.2308,,11.2045,,12.7757,,8.9836,,13.4385,,9.1109,,10.2638,,9.4818
16,171249,,13.5541,,12.9215,,8.643,,8.5271,,10.0739,,7.4013,,9.2446,,11.351,,8.9543,,9.0746,,9.2786,,8.259,,10.6016,,7.793,,12.1403,,11.3587,,11.937,,10.2777,,10.6032,,10.2716,,10.6139,,11.8032,,12.5104,,8.9929,,13.7594,,8.9608,,9.9934,,10.1307
17,181247,,13.1238,,11.6903,,7.877,,8.6237,,10.2452,,7.2851,,9.237,,11.9094,,8.7889,,8.7241,,9.3313,,8.2065,,10.568,,8.0345,,11.7957,,10.871,,11.4824,,10.1292,,10.5179,,9.9499,,10.9334,,11.086,,12.7102,,9.479,,13.2703,,8.5957,,9.7982,,10.2504
18,191248,,11.596,,11.4065,,8.7792,,8.7837,,9.5298,,7.1411,,9.2003,,11.107,,8.7393,,9.3375,,9.7004,,8.2453,,10.545,,8.0272,,12.0734,,11.4667,,11.985,,11.0747,,10.7954,,10.812,,10.9878,,11.1953,,12.5303,,9.0492,,12.7039,,8.4582,,9.6932,,10.5072
19,221702,,9.8179,,10.4182,,8.4508,,8.62,,10.2468,,7.6307,,9.2001,,10.8116,,9.4179,,9.4788,,9.273,,8.3146,,10.1335,,7.9373,,11.1539,,10.7455,,11.151,,11.3557,,10.8281,,10.517,,10.4611,,11.124,,12.4247,,8.4429,,12.7755,,8.5385,,9.8171,,10.3161
20,231881,,10.0909,,9.9026,,8.5567,,8.8421,,9.5225,,7.6164,,9.3738,,10.959,,8.652,,9.1007,,9.2002,,8.1959,,10.331,,8.2217,,11.7874,,11.109,,11.602,,10.7918,,10.6174,,10.7938,,10.8744,,10.8926,,12.6287,,8.4782,,13.0741,,8.6923,,9.3822,,9.9907
21,241694,,9.0832,,10.1076,,15.0103,,8.6854,,9.7874,,7.4774,,9.2594,,11.1244,,8.7774,,9.249,,9.5165,,8.3181,,10.12,,7.9689,,11.613,,11.4954,,11.7498,,10.5251,,10.3777,,10.996,,10.8386,,11.0895,,12.5374,,8.2353,,12.1812,,8.3946,,9.6422,,9.958
22,251685,,9.5252,,9.7244,,12.3899,,8.7606,,10.1858,,7.4511,,9.0444,,11.1274,,9.5308,,9.5635,,9.3526,,8.5388,,10.3824,,8.1356,,12.1257,,11.427,,11.0966,,10.9339,,10.5261,,10.3225,,10.4961,,11.6905,,12.8615,,8.1951,,12.3898,,8.8035,,9.3226,,9.963
23,261683,,9.0732,,10.4057,,9.2091,,8.6619,,9.4886,,7.2504,,9.7246,,10.7931,,8.6687,,9.2801,,9.5529,,8.5701,,10.2419,,8.0843,,12.1574,,11.1845,,11.052,,10.8184,,10.287,,10.0902,,10.9572,,11.7195,,12.4826,,8.0352,,13.0454,,8.5007,,9.1794,,9.9113
24,271683,,9.3753,,9.7971,,8.8167,,8.5418,,9.6178,,6.9225,,9.1777,,10.3916,,9.1862,,8.8343,,9.3764,,8.4598,,10.482,,7.9457,,11.8573,,10.6751,,11.6899,,11.3045,,10.3654,,10.8407,,10.7606,,11.9062,,12.7963,,8.1474,,12.8593,,8.8178,,8.5205,,9.4465
25,281682,,9.4419,,11.3937,,8.9257,,8.7205,,10.2811,,7.2909,,9.4857,,10.4702,,9.2998,,9.1493,,9.706,,8.436,,10.21,,8.0799,,11.6065,,11.1272,,13.165,,10.974,,10.8526,,10.6192,,11.0442,,12.6691,,12.7874,,8.2758,,13.219,,8.7222,,9.1123,,9.9638
26,291682,,10.1261,,11.3608,,9.1849,,8.9681,,9.4172,,7.2432,,9.2006,,11.1271,,9.5158,,9.5916,,9.2399,,8.4245,,10.125,,8.0899,,12.2526,,10.4285,,11.361,,10.6123,,10.6046,,10.7069,,11.1482,,13.0461,,13.3832,,8.2339,,13.562,,8.6381,,9.8972,,10.5734
27,301682,,10.5841,,11.5262,,9.0075,,8.4601,,10.1345,,7.2659,,8.8167,,10.7282,,9.3043,,9.287,,9.9806,,8.2997,,10.329,,7.8146,,12.2981,,11.1658,,12.7534,,11.0925,,10.4956,,10.8618,,10.7268,,13.5151,,12.9575,,8.3559,,13.0175,,8.8144,,9.8626,,10.2396
28,311681,,10.035,,11.5648,,8.532,,8.7574,,10.0206,,7.5496,,9.2581,,10.4394,,9.1213,,9.1298,,9.5058,,8.4937,,10.0592,,8.3287,,11.7587,,10.8602,,13.15,,10.9481,,10.1031,,10.0168,,11.1377,,12.9747,,12.9818,,8.1896,,14.0002,,8.7939,,9.9796,,9.931
29,321681,,9.6079,,12.1469,,8.9822,,8.5312,,9.7144,,7.3822,,8.9523,,10.8424,,8.8015,,9.2304,,9.4354,,8.3107,,9.9183,,7.8111,,12.3553,,10.7013,,11.8915,,11.5762,,10.5945,,11.4597,,11.0131,,13.8448,,12.6253,,7.9263,,13.6292,,8.4431,,10.0628,,10.0099
30,331681,,9.7575,,12.0722,,8.6933,,8.9535,,10.012,,7.381,,9.2993,,11.0521,,8.9741,,9.37,,9.8697,,8.373,,10.2691,,7.7868,,11.9651,,11.1033,,11.861,,10.8986,,10.5658,,10.7964,,11.4018,,14.4041,,13.2782,,7.9962,,14.0254,,8.5232,,10.173,,9.8845
31,341681,,9.9475,,12.1038,,9.1251,,8.6315,,9.9096,,7.1242,,9.3966,,10.6506,,8.9804,,9.294,,9.6608,,8.6481,,9.9237,,7.9495,,11.8505,,11.1434,,11.5139,,11.1963,,10.9203,,10.7341,,11.2151,,13.5926,,12.7298,,8.085,,13.9043,,8.4458,,9.7999,,10.2645
32,351682,,10.5212,,11.993,,8.4566,,8.5946,,9.36,,7.6613,,8.4684,,10.7541,,8.731,,9.0597,,9.8684,,8.4157,,10.0243,,8.0853,,12.1838,,10.9217,,11.8539,,11.7205,,10.7012,,10.6115,,10.8471,,13.4976,,12.4587,,8.029,,14.2596,,8.7706,,10.1811,,10.0328
33,361680,,11.246,,11.6781,,8.6251,,8.6439,,9.9059,,7.2755,,8.9634,,11.1463,,9.143,,9.6416,,9.8619,,8.1271,,9.9855,,7.9177,,12.367,,11.0096,,10.7677,,11.0727,,10.3521,,11.1959,,11.1805,,14.035,,13.1554,,8.1719,,14.5342,,8.7311,,9.9035,,10.1283
34,371679,,12.4086,,12.7164,,9.0237,,8.3589,,9.948,,7.2738,,9.2087,,11.3541,,8.9894,,8.9809,,9.7282,,8.2651,,10.0575,,7.9677,,12.0231,,10.7452,,12.3633,,11.1623,,10.4184,,10.8646,,11.1114,,13.9619,,13.1711,,7.9903,,14.2521,,8.3371,,10.8579,,10.2388
35,381679,,12.86,,11.9092,,8.3523,,8.6316,,10.209,,7.4499,,9.3862,,11.17,,9.2816,,9.4865,,9.8216,,8.3299,,9.9878,,8.1604,,12.0082,,11.7673,,11.6212,,10.8482,,10.5748,,10.3971,,10.8981,,13.6259,,13.1458,,9.5367,,14.3007,,8.738,,10.904,,10.1096
36,391678,,12.4955,,12.7736,,8.255,,8.8893,,9.6303,,7.1554,,8.8608,,10.5845,,8.9341,,9.2972,,9.6827,,8.4732,,9.9396,,7.7298,,12.0388,,11.2503,,12.8822,,10.7744,,10.4198,,11.1133,,9.9089,,14.7295,,13.1023,,10.0162,,13.9008,,8.0155,,11.054,,10.0666
37,401678,,12.6219,,11.9582,,8.564,,9.0716,,10.0304,,7.0627,,8.922,,11.5614,,8.7263,,9.3274,,9.4538,,8.4128,,10.0666,,8.362,,12.6371,,11.5819,,13.4673,,11.2553,,10.462,,10.6858,,10.486,,14.1186,,13.3363,,10.3388,,14.0048,,8.6177,,11.7054,,10.2868
38,411679,,13.0085,,13.0907,,8.5048,,8.9291,,9.9921,,7.2837,,9.0748,,10.829,,9.1546,,9.6103,,9.6902,,8.3847,,10.1887,,7.8595,,12.8777,,10.97,,14.4453,,11.0953,,10.984,,11.131,,10.3785,,14.4788,,13.5278,,9.8764,,14.6711,,8.9372,,12.5049,,10.1536
39,421677,,13.4304,,13.5826,,8.589,,8.9427,,9.913,,7.3775,,8.7341,,10.9499,,9.072,,9.9749,,9.6612,,9.0256,,10.2831,,8.1429,,13.0898,,10.8925,,14.4398,,11.9757,,10.4563,,10.5769,,11.6105,,15.1303,,13.2266,,9.5322,,15.6917,,9.0912,,12.7071,,10.3139
40,452532,,23.2866,,27.3453,,29.7514,,16.4044,,25.1436,,9.8482,,23.8832,,37.3552,,33.5245,,29.6706,,28.4195,,21.1788,,25.8722,,19.7415,,25.8364,,27.1073,,25.1438,,26.6981,,23.4099,,21.1075,,26.573,,23.5454,,20.0293,,23.8208,,29.2632,,24.0111,,21.0879,,23.0231
41,462519,,19.8508,,22.2712,,21.788,,13.8053,,22.8275,,8.6321,,15.0925,,28.7244,,23.1203,,22.3985,,19.721,,14.811,,22.2988,,13.7694,,19.518,,18.4701,,17.5693,,17.3349,,23.0335,,28.9482,,23.2737,,21.9225,,17.6171,,21.2089,,24.8809,,21.9758,,17.5051,,16.8716
42,472519,,18.5297,,17.4151,,17.9816,,12.4922,,18.4214,,8.1672,,13.054,,23.1013,,16.6352,,16.6266,,16.2276,,12.6994,,19.813,,11.904,,17.3399,,16.3346,,14.9759,,16.8906,,20.2817,,14.0279,,19.6401,,19.9403,,16.7087,,15.7292,,22.1692,,18.2183,,16.7472,,13.6138
43,482519,,17.7617,,17.102,,15.7835,,12.1922,,19.0244,,7.9775,,13.0175,,21.2901,,14.5212,,13.5464,,15.7892,,11.6889,,19.296,,11.035,,15.8351,,15.6601,,14.2853,,17.6756,,18.3566,,13.3151,,19.1042,,20.2202,,15.1454,,12.7542,,20.9706,,20.9087,,15.7846,,12.8629
44,492518,,16.6355,,16.7554,,15.8202,,11.4264,,18.244,,8.0965,,12.7649,,20.028,,14.938,,13.3711,,16.2579,,11.063,,19.9298,,10.8431,,15.6296,,14.9553,,13.793,,15.368,,15.9481,,14.0922,,19.0435,,20.1575,,16.0157,,10.6575,,20.1452,,18.5791,,16.0799,,12.9798
45,502518,,18.203,,16.9035,,16.8007,,12.0878,,17.5337,,8.4964,,13.5092,,17.601,,13.7248,,13.084,,15.1877,,10.3474,,19.9697,,10.3283,,15.805,,13.9641,,14.6966,,15.1607,,15.9304,,14.1205,,16.8882,,18.4924,,16.4224,,9.812,,19.3645,,17.6986,,15.479,,13.0527
46,512518,,17.3115,,16.6589,,18.7378,,13.0742,,17.6052,,7.8047,,12.9891,,17.3375,,13.7054,,12.6494,,14.527,,10.8812,,19.1224,,10.5501,,15.4134,,13.9066,,14.107,,15.2251,,12.4695,,14.7099,,16.2964,,17.3323,,15.6572,,9.3101,,18.0903,,17.0006,,16.2892,,11.9897
47,522517,,17.9947,,16.0208,,16.676,,12.1573,,15.3745,,7.9823,,13.103,,15.9917,,13.1179,,12.761,,15.0066,,11.7198,,17.9109,,10.3555,,15.3488,,12.9778,,13.0428,,15.9045,,12.2323,,12.6801,,18.6605,,16.8589,,15.0607,,9.0845,,18.0804,,16.0602,,15.8006,,12.2922
48,532517,,17.204,,15.5758,,17.4731,,12.786,,18.3813,,8.5495,,14.4113,,17.0401,,13.371,,12.9133,,14.641,,11.6228,,17.4209,,10.5524,,14.6824,,12.8183,,13.9199,,15.1763,,11.7362,,13.4995,,16.1407,,17.6511,,16.0366,,8.803,,17.6017,,14.5084,,14.4575,,13.2678
49,542517,,16.8423,,15.9051,,16.8063,,12.5961,,17.1102,,7.9103,,13.3305,,18.193,,14.789,,14.7706,,15.0903,,12.3191,,17.7731,,11.2607,,15.1798,,12.417,,13.2708,,16.4873,,12.0095,,12.6055,,16.4504,,16.8999,,16.199,,8.9407,,17.0407,,17.0786,,14.6544,,12.065
50,552516,,15.642,,16.5023,,15.899,,12.6008,,16.1559,,8.1905,,13.2073,,22.3362,,14.6995,,13.8869,,14.4951,,12.3992,,18.1708,,11.0949,,14.589,,12.2486,,12.0375,,15.5922,,12.3639,,15.9121,,15.8241,,16.8089,,15.46,,9.452,,18.6479,,17.5224,,14.2882,,12.9174
51,562516,,16.0781,,14.6833,,16.0358,,12.9847,,16.1658,,8.1629,,12.8244,,24.317,,15.5814,,13.8216,,15.5269,,12.76,,18.6885,,11.2895,,15.8674,,13.3296,,14.5321,,16.727,,13.6882,,13.6129,,14.5841,,15.7973,,14.7866,,8.8758,,16.6744,,18.0038,,13.6169,,12.4478
52,572515,,15.716,,14.9593,,15.8743,,13.2866,,16.1864,,8.4502,,12.1287,,22.1171,,14.3882,,15.2321,,15.5171,,12.7132,,18.8439,,11.817,,15.3862,,13.0754,,13.6458,,16.758,,19.1084,,14.0217,,15.4488,,16.5654,,15.6843,,8.9952,,16.9335,,19.0623,,13.7788,,11.4849
53,582515,,15.8046,,16.0041,,15.2903,,12.4839,,16.2277,,7.9073,,12.1595,,24.7046,,13.9929,,13.829,,14.5375,,12.1285,,18.3182,,10.9827,,14.9486,,13.1198,,13.9177,,14.7827,,18.0772,,12.7445,,16.045,,16.7251,,15.4139,,9.2565,,16.5549,,19.3944,,14.4189,,12.3025
54,592515,,15.1956,,14.2478,,15.4798,,12.3562,,15.6654,,8.3882,,12.5953,,22.8313,,14.1088,,13.6885,,14.5623,,12.2932,,18.1372,,12.1195,,15.294,,13.8343,,12.7257,,15.5414,,17.7716,,13.4587,,15.1164,,17.2007,,15.5342,,9.0111,,16.1058,,17.8394,,13.5916,,12.2975
55,602513,,15.2284,,14.9443,,15.3873,,12.9896,,16.4585,,8.1261,,11.4885,,22.1662,,15.1454,,14.5382,,15.2525,,11.5287,,17.9264,,11.3034,,14.1772,,16.1676,,13.055,,15.4306,,16.5683,,18.1288,,16.1053,,16.3453,,15.261,,9.5068,,17.4176,,20.2015,,13.1571,,12.7515
56,612514,,15.0815,,13.5643,,14.6536,,12.4647,,14.4912,,8.4043,,12.1855,,21.9533,,14.0635,,13.9166,,14.6968,,11.1848,,17.5055,,10.8681,,15.5327,,14.7883,,12.2651,,16.4961,,16.7136,,12.7693,,15.6379,,16.9175,,14.4535,,9.055,,15.6198,,18.0269,,13.1689,,12.1127
57,622513,,14.1807,,14.4687,,14.5147,,12.6439,,16.0539,,8.1573,,11.4427,,21.1435,,14.523,,13.8408,,14.5187,,11.3105,,17.6279,,11.6774,,14.0596,,14.0521,,12.8575,,16.0285,,16.8047,,16.7941,,14.2454,,14.296,,15.0982,,9.296,,15.2477,,17.7598,,13.4944,,11.907
58,632513,,14.7621,,13.494,,14.7674,,12.4606,,15.9191,,8.0722,,11.4362,,19.6231,,13.8992,,13.0281,,14.5687,,12.0829,,17.1959,,10.8211,,14.2115,,14.3767,,12.7425,,15.2952,,14.8896,,12.9718,,15.7555,,15.2267,,15.3111,,9.2383,,15.862,,16.799,,12.3573,,11.9005
59,642513,,13.7406,,13.5447,,15.4359,,12.4363,,16.5135,,8.1395,,11.4241,,21.6399,,12.8787,,13.8407,,13.6411,,11.6359,,17.0709,,10.3583,,13.8877,,13.6879,,14.1103,,15.4925,,14.905,,15.6702,,15.9445,,14.8932,,14.4224,,8.9217,,15.3408,,16.6999,,12.309,,12.6311
60,652512,,14.7046,,12.1125,,14.6131,,12.3909,,15.7046,,7.8109,,11.1344,,17.4994,,14.3079,,13.621,,13.6564,,11.033,,16.5741,,10.6555,,13.7604,,14.5945,,12.5607,,14.7428,,14.4288,,13.0147,,13.101,,15.0619,,15.5711,,8.6551,,15.5446,,16.2658,,11.8103,,11.7777
61,662512,,14.6724,,13.2052,,14.8617,,12.2991,,14.8867,,8.0713,,10.8742,,18.6346,,14.3516,,12.7947,,13.6625,,11.2953,,16.2736,,9.9897,,13.8002,,14.2752,,10.8098,,15.8521,,14.3055,,14.2465,,14.2541,,13.4216,,15.2729,,8.5527,,15.2235,,15.4857,,12.497,,11.7526
62,672512,,14.0746,,12.3741,,15.3545,,11.8268,,14.2097,,7.8948,,11.0896,,18.9351,,13.4295,,13.8339,,12.9646,,11.2134,,15.1867,,10.8645,,13.3299,,13.5401,,12.3012,,15.5952,,14.7966,,12.1228,,14.2649,,13.5648,,13.494,,9.0352,,14.4618,,16.4879,,11.8307,,11.8043
63,682511,,14.7566,,12.8805,,14.5978,,11.3739,,14.761,,8.0997,,10.8946,,15.2537,,12.7848,,13.3157,,13.0697,,10.6168,,15.2242,,10.4454,,13.6334,,12.5889,,13.3589,,15.5117,,14.5215,,12.9438,,14.7967,,14.6306,,13.18,,8.4125,,14.3397,,14.9972,,11.7453,,11.4798
64,692511,,13.5757,,11.576,,15.1411,,11.9625,,14.601,,7.6337,,10.8093,,14.6207,,12.0308,,13.0179,,13.2364,,10.8441,,14.5775,,10.2875,,13.3685,,12.2889,,11.8498,,15.5968,,14.0486,,13.0735,,13.9342,,15.2676,,14.1134,,8.6962,,14.6216,,15.2221,,10.4373,,11.5232
65,702510,,13.7091,,11.8352,,14.5136,,11.7581,,14.8527,,7.887,,10.6228,,15.1746,,11.6444,,12.3487,,13.2785,,10.3908,,13.8908,,10.4529,,12.7327,,12.2666,,11.468,,14.507,,15.5415,,13.0286,,13.6982,,14.02,,13.7354,,9.3539,,14.0949,,15.2773,,11.2563,,11.3573
66,712510,,14.4886,,12.5336,,14.1933,,11.8762,,14.3812,,7.8607,,10.1479,,14.7342,,12.2891,,12.0871,,12.426,,10.3508,,14.1704,,9.9656,,12.8697,,12.3856,,14.0542,,15.7322,,14.9354,,13.3988,,13.9027,,14.8351,,13.749,,9.7189,,13.5233,,14.9032,,10.6527,,11.731
67,722510,,14.9453,,11.8972,,14.5456,,11.1321,,14.1489,,8.385,,10.6824,,12.3217,,11.6293,,12.5069,,12.3055,,10.3376,,13.2529,,9.6697,,12.8827,,11.8506,,12.3336,,15.9312,,13.9387,,12.3946,,14.737,,15.7177,,14.2754,,9.8154,,13.7413,,15.0806,,10.898,,12.2047
68,732509,,14.3123,,12.3666,,13.1567,,11.9715,,14.933,,7.638,,10.549,,13.0222,,11.7682,,12.1541,,12.0965,,10.2407,,13.7261,,9.6395,,13.5095,,12.2051,,12.3582,,13.4484,,14.1356,,11.851,,13.529,,14.8755,,14.8119,,9.3421,,13.5753,,15.5698,,11.497,,11.7996
69,742509,,12.9205,,11.5317,,13.7394,,11.5483,,15.4063,,7.7867,,10.3893,,13.3653,,12.6999,,12.5398,,12.1311,,10.9052,,13.1396,,9.9086,,13.3387,,11.8219,,13.0456,,14.3883,,13.6206,,12.1947,,14.1525,,14.8342,,14.3992,,9.3264,,14.2312,,15.6366,,11.0238,,11.5004
70,752509,,13.2818,,13.0615,,14.531,,12.0804,,15.461,,7.8926,,10.557,,13.3318,,12.5943,,12.2712,,11.8149,,10.8623,,12.9368,,9.8914,,12.9991,,11.9637,,12.6359,,14.1245,,14.2961,,12.7791,,13.7835,,14.0786,,14.1052,,9.3253,,13.8982,,14.8963,,11.1785,,11.6439
71,762508,,15.0262,,12.7541,,12.6495,,12.0232,,13.9707,,8.0633,,10.8683,,12.8843,,12.2023,,12.3255,,11.9983,,10.7888,,13.1474,,9.6954,,13.3159,,11.52,,12.588,,14.4675,,13.9211,,12.8168,,14.5061,,16.4259,,14.6594,,9.6335,,13.6564,,14.6602,,10.7062,,11.7668
72,772508,,15.0032,,13.1619,,13.1373,,11.3656,,15.1167,,7.9072,,10.3038,,13.0888,,12.3755,,12.3265,,12.2384,,10.5716,,13.3329,,9.8282,,12.7588,,11.7863,,12.6606,,14.8018,,14.3581,,12.858,,12.9292,,15.4614,,13.8487,,9.5342,,14.6395,,15.9456,,10.6009,,11.1779
73,782507,,14.7401,,12.8189,,14.0656,,11.7789,,16.0632,,8.6284,,11.6621,,12.5258,,12.4563,,12.7713,,12.1367,,10.9131,,13.1952,,10.2619,,13.1012,,12.6736,,11.8124,,14.028,,15.4095,,14.695,,14.8099,,15.3883,,13.4563,,9.8253,,14.3885,,14.7844,,11.4924,,11.2205
74,792507,,14.0403,,12.9918,,14.41,,12.1227,,14.9967,,7.982,,10.4488,,12.9534,,11.3791,,12.7991,,11.7911,,10.5306,,12.9628,,9.9299,,13.111,,12.1834,,12.371,,14.3782,,14.5507,,12.6533,,14.2586,,16.2634,,13.2239,,9.1172,,15.4316,,16.287,,11.7422,,12.1305
75,802507,,13.4469,,12.8336,,14.2664,,11.694,,14.6853,,8.0897,,10.9748,,11.8569,,11.0188,,12.9858,,12.8073,,10.3993,,13.019,,10.1893,,13.5839,,11.7806,,11.6514,,15.7989,,14.1409,,11.7875,,13.5906,,16.7661,,13.4524,,9.5412,,14.5155,,15.4953,,11.5765,,11.7078
76,812506,,14.3459,,13.1624,,13.8311,,10.801,,15.026,,8.0097,,10.4668,,12.5295,,13.3783,,12.7435,,12.0885,,9.9687,,13.0497,,10.8741,,12.5917,,11.7017,,12.3479,,14.7778,,13.5991,,12.2054,,14.6813,,15.8529,,13.3206,,9.1448,,15.1147,,14.6547,,12.4076,,11.55
77,822507,,14.0206,,13.1996,,15.0747,,11.9132,,14.7895,,8.0678,,10.1894,,12.4412,,12.3004,,12.2621,,11.9693,,11.2392,,12.8474,,10.0082,,12.5267,,12.3408,,12.4579,,14.168,,14.4654,,13.8819,,12.8439,,15.2341,,13.8928,,9.5987,,15.089,,14.8126,,11.9075,,11.4168
78,832506,,14.5463,,13.4988,,14.6482,,12.0419,,15.358,,8.0969,,10.1625,,11.6189,,11.8315,,12.4842,,11.9604,,10.6569,,13.4073,,9.3299,,12.9376,,11.8859,,11.902,,13.2523,,14.23,,12.3011,,13.7787,,16.0777,,13.7697,,9.3823,,15.1441,,13.7835,,11.2647,,11.2364
79,842505,,13.7081,,13.7153,,14.2198,,11.6355,,14.4483,,8.1012,,10.6392,,12.1223,,11.759,,12.2467,,10.7706,,10.4888,,13.2874,,10.3647,,13.0604,,11.9793,,12.3124,,13.6154,,14.3001,,12.7982,,14.5159,,16.2858,,14.7692,,9.442,,14.9759,,14.2218,,11.2783,,11.1004
80,852505,,13.7591,,12.689,,13.7679,,12.0663,,14.7086,,8.139,,9.8703,,12.4353,,11.2742,,13.2501,,11.3043,,10.2074,,12.653,,9.4785,,13.3114,,12.1479,,12.1807,,13.766,,13.918,,11.981,,13.0216,,15.2984,,13.616,,9.6459,,15.6656,,13.8327,,11.6628,,11.2026
81,867825,,14.8376,,15.9827,,15.2176,,12.2864,,15.6029,,8.6941,,11.6548,,11.476,,11.0868,,14.3247,,11.5329,,15.0265,,12.7731,,12.514,,15.8944,,12.4248,,16.8179,,14.8084,,18.8765,,13.5303,,16.6299,,19.3913,,15.0705,,10.3592,,18.5492,,15.2942,,17.215,,12.5885
82,877817,,14.0417,,13.976,,13.7903,,11.5506,,15.6201,,8.55,,13.6073,,10.8837,,11.3111,,12.1472,,10.96,,13.0578,,12.4538,,10.9748,,14.3688,,12.4773,,14.7688,,14.696,,16.9433,,13.0025,,16.6219,,18.0376,,15.6433,,11.1829,,18.5025,,15.3865,,15.8293,,13.8954
83,887816,,14.3275,,13.7151,,13.9405,,12.0972,,14.3303,,7.8652,,12.3444,,11.967,,11.2822,,12.2662,,11.0162,,11.646,,12.2768,,10.3178,,13.8675,,11.752,,13.3165,,14.5389,,15.0465,,12.9488,,14.6516,,17.3519,,14.8496,,10.6837,,16.8999,,14.7707,,15.011,,13.4333
84,897816,,14.8173,,13.9841,,12.6446,,11.7329,,14.7057,,8.0943,,12.0115,,11.9317,,10.9696,,11.8988,,10.7818,,11.3273,,12.4032,,9.9076,,14.2861,,11.6071,,13.1441,,13.2143,,15.7136,,12.3246,,14.6822,,17.1294,,14.0804,,9.8038,,17.3682,,13.9661,,15.4451,,12.5383
85,907815,,15.0364,,14.4332,,13.6467,,11.8472,,14.2607,,8.431,,12.7445,,11.977,,11.1963,,12.3832,,10.9861,,10.8931,,11.9645,,9.9583,,13.9207,,11.0897,,13.7132,,13.6021,,15.2377,,12.845,,15.9215,,16.698,,13.6472,,9.8045,,17.412,,14.1213,,15.6975,,12.9076
86,917814,,14.4649,,13.1278,,13.0831,,11.6676,,14.9327,,8.1722,,13.6221,,11.6997,,9.9988,,12.4914,,10.9826,,10.7103,,12.1439,,10.3727,,14.1116,,11.7779,,14.4403,,13.8886,,16.406,,12.6951,,14.3731,,16.2181,,14.0042,,10.7179,,16.9565,,13.541,,15.2114,,13.0343
87,927816,,13.8594,,12.9335,,13.9099,,11.2302,,15.2515,,8.0148,,11.5374,,11.696,,10.1473,,11.9538,,10.5473,,10.9742,,11.7623,,10.1964,,14.1311,,11.4534,,13.8897,,14.6528,,15.0322,,12.7938,,14.369,,16.2342,,13.8363,,10.2797,,16.4811,,14.4779,,14.0394,,12.338
88,937814,,13.928,,13.7454,,13.1736,,11.9937,,14.5347,,8.323,,11.4214,,11.978,,11.0323,,12.3348,,10.801,,10.9751,,11.6855,,9.7834,,13.5205,,11.3982,,13.9039,,13.6722,,13.9987,,13.1654,,13.9494,,14.7116,,14.3245,,9.9375,,17.7442,,13.6834,,14.2342,,11.9594
89,947814,,14.0854,,13.2393,,13.4403,,11.8291,,13.5567,,8.5813,,11.8333,,12.3784,,9.7774,,11.1951,,10.4423,,10.2753,,11.5347,,9.8058,,13.4217,,12.0248,,14.4232,,13.5924,,13.3865,,12.9759,,14.1115,,14.5804,,15.3241,,10.137,,16.5067,,12.7043,,13.8855,,12.8903
90,957814,,14.3111,,13.6053,,13.5563,,10.3636,,13.0253,,8.2689,,11.4627,,11.6307,,9.5533,,10.9824,,9.9322,,9.4552,,11.7817,,9.8349,,13.4443,,11.6465,,14.4064,,13.6376,,11.5632,,12.3194,,13.4037,,14.7176,,13.4995,,9.7519,,15.1376,,12.2308,,12.6511,,11.5251
91,967813,,13.8018,,12.6315,,13.5861,,11.2042,,13.3935,,8.0419,,10.7842,,11.2126,,9.669,,10.327,,10.0812,,10.4688,,11.3084,,8.9829,,13.5873,,11.2807,,13.5316,,13.5184,,11.5375,,11.9541,,11.1125,,14.7315,,13.8814,,9.3439,,15.2439,,10.3965,,13.7168,,12.0912
92,977813,,13.5885,,12.9596,,14.0434,,11.2598,,13.1363,,8.3872,,10.7506,,11.3947,,9.7774,,10.2311,,10.2506,,9.7772,,11.1583,,9.3831,,13.2259,,11.2233,,13.7502,,12.3699,,11.5227,,12.2012,,11.5723,,14.143,,13.2855,,9.1642,,15.3738,,9.8705,,14.1443,,12.4601
93,987813,,14.0782,,13.7436,,12.9275,,11.2106,,12.735,,8.4053,,11.1418,,11.2718,,9.386,,10.1368,,9.8958,,10.3201,,11.4934,,9.03,,13.1905,,11.6078,,13.8751,,12.9089,,11.6098,,12.1921,,11.3119,,15.2677,,13.3419,,9.426,,15.4048,,9.1343,,12.9471,,12.0249
94,997812,,13.6743,,13.0934,,13.7429,,11.7133,,12.2574,,7.9823,,11.1017,,11.0122,,9.4927,,10.6795,,9.6074,,10.1889,,11.4388,,9.0341,,13.0576,,11.3792,,13.7243,,13.1511,,11.3644,,12.1921,,11.1908,,14.48,,13.7102,,9.5437,,15.3939,,9.634,,13.5389,,12.0153
95,1007812,,13.548,,12.8695,,13.4398,,12.4779,,12.6947,,8.3316,,10.4659,,12.7603,,9.108,,10.9691,,10.2976,,9.6612,,11.0835,,9.3539,,13.9869,,11.5121,,13.0357,,12.7237,,12.1802,,11.9628,,11.9026,,15.0584,,14.0369,,9.5028,,15.2977,,9.8434,,14.4443,,12.5984
96,1017811,,13.4617,,13.2169,,14.2463,,10.9765,,12.4796,,8.1914,,11.1999,,12.5142,,9.247,,10.3197,,9.9446,,9.8829,,11.717,,9.0725,,13.7366,,12.1031,,14.3329,,12.5798,,11.8391,,11.649,,11.3147,,14.7722,,13.6244,,9.389,,15.1222,,10.1681,,13.5507,,11.525
97,1027811,,13.6331,,12.6799,,12.9357,,11.4038,,12.4768,,8.1575,,10.6975,,10.7009,,9.1262,,10.7111,,9.8481,,9.5462,,11.8253,,8.8106,,12.9641,,11.5936,,13.3067,,12.6117,,12.0195,,12.7488,,11.8635,,14.5778,,13.3643,,9.3062,,15.3858,,10.5087,,12.7299,,12.4024
98,1048421,,11.6845,,11.3383,,10.4924,,10.2638,,12.7568,,8.4773,,14.4113,,11.3415,,10.2727,,10.2036,,9.7502,,9.6159,,10.5751,,8.8424,,14.2234,,11.7904,,13.3381,,11.5005,,15.9275,,11.5155,,13.3123,,13.6647,,11.9336,,10.5071,,13.8499,,11.7944,,13.895,,13.1052
99,1050186,,11.8511,,12.3699,,10.9082,,10.7466,,12.5851,,8.5266,,14.8575,,12.0751,,9.6787,,11.0945,,10.2083,,10.522,,10.6185,,9.0697,,13.9872,,12.0535,,14.0932,,12.2057,,15.8765,,11.428,,14.1963,,14.6291,,12.5544,,10.7683,,14.5459,,12.2439,,14.0077,,13.6511
100,1060075,,11.6897,,12.2317,,10.9883,,11.1113,,13.0563,,9.0829,,15.9718,,12.6162,,10.5827,,11.9404,,10.3866,,10.9372,,10.9715,,10.1298,,14.3561,,13.1437,,15.6823,,12.3868,,16.6003,,11.6156,,15.3531,,14.3719,,12.8237,,12.2396,,16.2488,,14.8914,,14.6619,,14.603
101,1070075,,12.0935,,12.4402,,11.1675,,10.6265,,13.0818,,9.3146,,15.5944,,12.5799,,10.7834,,12.0106,,11.5269,,11.5813,,11.1303,,10.8852,,13.911,,12.8171,,14.8217,,13.256,,16.7992,,12.1021,,16.2914,,15.1997,,13.0759,,12.6414,,16.1526,,15.3248,,14.6681,,15.1298
102,1080075,,12.3061,,12.7667,,11.3805,,11.4564,,13.1148,,9.8515,,16.0408,,12.7793,,10.9566,,12.3806,,11.5285,,11.662,,11.3037,,10.2573,,13.8643,,12.8172,,14.1862,,13.561,,15.5369,,12.6646,,15.8123,,15.7978,,12.8685,,14.0894,,17.1877,,15.5709,,14.6552,,15.2784
103,1090075,,11.9915,,12.5089,,11.4273,,11.5057,,14.0069,,9.6751,,16.9448,,12.7785,,11.1051,,12.8793,,11.5152,,11.6869,,11.2467,,10.7432,,14.3048,,13.0704,,14.4783,,13.37,,16.864,,12.6991,,15.8615,,14.9654,,13.2023,,13.8157,,16.7463,,15.2155,,13.9536,,15.357
104,1100074,,12.072,,12.711,,11.1708,,11.551,,13.6501,,10.0575,,16.5322,,13.2416,,12.2583,,13.5844,,11.3044,,12.2864,,11.3007,,10.6865,,15.1448,,13.6351,,14.8011,,13.8642,,16.1932,,12.8076,,16.0026,,14.7818,,13.1058,,14.3928,,15.8355,,15.1908,,14.2557,,15.4367
105,1110074,,12.2883,,12.3656,,11.0064,,11.2417,,13.2611,,10.6755,,16.846,,13.3867,,12.2257,,13.0433,,11.3234,,11.5625,,11.6071,,10.6814,,14.1249,,13.2437,,14.9189,,13.6417,,16.3196,,12.8469,,17.3242,,15.9718,,13.2613,,14.5062,,16.6498,,14.714,,13.4245,,15.1286
106,1120074,,12.5662,,12.7504,,11.0392,,11.6503,,13.063,,10.0896,,17.1552,,14.0876,,12.9108,,12.8159,,11.5575,,12.0087,,11.3871,,10.6099,,14.5407,,13.3363,,15.5898,,14.4801,,15.4583,,13.0206,,17.4913,,15.3182,,13.4178,,13.9529,,16.6052,,14.7681,,13.8089,,15.2325
107,1130073,,12.5921,,12.9424,,11.5996,,11.3118,,13.2556,,9.9462,,16.9799,,14.0887,,12.9457,,12.6203,,11.5999,,11.8183,,11.6262,,10.8722,,14.8119,,13.2344,,15.73,,14.5714,,16.1635,,13.0039,,15.3345,,14.9524,,13.1595,,14.7264,,16.7378,,14.3734,,14.2382,,15.0535
108,1140072,,13.321,,12.5137,,11.6543,,11.6688,,12.7426,,10.2832,,19.377,,13.1683,,12.797,,12.987,,12.0602,,11.3149,,11.2717,,10.9923,,14.9707,,13.1367,,14.6706,,15.2415,,16.8779,,13.2556,,16.55,,15.6968,,13.5629,,14.2002,,16.8239,,14.0273,,15.4385,,15.3205
109,1150072,,13.1643,,13.3826,,11.6046,,11.8036,,13.1385,,10.0295,,17.2518,,13.561,,13.4439,,12.7594,,12.2703,,11.5285,,11.6748,,10.8121,,14.9991,,13.0639,,15.6238,,15.3403,,16.8302,,13.6999,,17.6101,,15.1487,,14.7913,,13.6783,,16.8179,,14.4102,,14.0938,,15.1956
110,1160072,,12.9598,,13.8989,,11.8273,,12.0868,,13.0272,,10.505,,17.4051,,13.3331,,13.5112,,13.1477,,11.867,,11.4685,,11.4734,,10.9003,,14.835,,13.897,,15.5447,,15.7153,,16.0366,,14.3036,,16.3896,,15.1048,,14.9824,,13.3014,,16.6965,,14.3451,,15.0382,,14.6904
111,1170072,,13.1958,,14.3249,,12.1218,,12.7052,,12.9074,,10.4632,,16.8533,,15.0213,,14.2717,,12.5411,,11.8652,,11.5729,,11.4093,,11.0679,,14.9811,,13.4502,,16.2704,,18.7908,,16.1409,,13.103,,16.6,,15.2321,,14.8168,,13.6122,,16.8223,,14.4174,,15.2832,,15.1528
112,1180071,,14.1712,,13.546,,11.815,,12.9343,,13.2539,,10.8045,,17.1965,,13.6568,,14.5378,,12.0383,,11.5317,,10.9757,,11.2949,,10.5947,,15.0291,,13.7819,,16.1062,,17.0415,,15.6926,,13.1189,,15.3561,,15.3156,,15.8561,,13.8891,,17.0126,,14.8444,,15.3994,,14.842
113,1190071,,13.8593,,13.4458,,12.1545,,13.3183,,12.2298,,9.8243,,16.6726,,13.1791,,13.7393,,13.0436,,12.0213,,11.192,,11.4937,,11.0826,,14.9659,,13.5806,,17.4226,,16.968,,15.6164,,13.1731,,15.7989,,15.6984,,15.8983,,13.7221,,17.0384,,14.1451,,14.2124,,14.5707
114,1200070,,13.8143,,13.8677,,11.9795,,13.3129,,12.3591,,10.4358,,17.2001,,12.8383,,15.7461,,12.1016,,12.0162,,11.2282,,11.6344,,11.1888,,15.2654,,13.3057,,16.4693,,16.6323,,16.1233,,13.5087,,16.6915,,15.7474,,16.0519,,13.3866,,17.1728,,13.8241,,15.135,,14.8109
115,1210070,,13.9724,,14.0695,,11.8508,,12.7223,,13.0905,,10.1555,,16.6353,,13.6613,,16.3132,,11.8386,,12.1467,,10.9699,,11.1529,,10.9707,,15.0013,,13.8776,,15.2704,,15.7328,,14.872,,13.2579,,16.1342,,16.2005,,15.9462,,13.9289,,17.9921,,13.4045,,14.9693,,15.7155
116,1220069,,14.3963,,14.547,,12.3537,,12.7956,,12.7345,,10.1899,,16.8622,,13.6031,,16.2801,,11.9656,,11.9859,,11.289,,11.5505,,11.3695,,15.3047,,13.7001,,16.6962,,15.4884,,14.9998,,13.8731,,15.9962,,16.4283,,17.1352,,13.7148,,16.8909,,14.2706,,14.827,,15.5002
117,1230069,,14.1475,,14.104,,12.3974,,12.4954,,12.621,,10.2982,,18.2295,,12.5399,,15.8102,,11.6593,,11.5271,,10.7679,,11.1549,,11.2491,,15.6262,,13.3239,,15.7147,,14.3987,,14.4233,,13.124,,14.851,,15.0325,,16.9947,,12.859,,17.3374,,13.5766,,15.124,,14.8253
118,1240069,,14.1471,,13.868,,12.9414,,13.6328,,12.6072,,10.0697,,17.2113,,12.4795,,14.7064,,11.9055,,12.1058,,11.3869,,11.3134,,11.6145,,15.4791,,13.3774,,17.0329,,15.1015,,13.9071,,13.3723,,15.1401,,16.1457,,17.2484,,13.3434,,17.2949,,13.6095,,14.834,,15.3459
119,1250068,,14.1024,,14.4192,,12.5842,,12.8386,,13.0816,,10.5347,,17.2865,,12.9552,,15.3137,,12.4534,,11.5878,,11.3513,,11.1048,,11.4572,,16.1317,,13.5744,,18.477,,14.479,,14.3704,,13.3918,,15.4022,,16.2478,,16.7712,,13.1755,,17.5089,,13.324,,15.5174,,14.7834
120,1260068,,14.375,,14.5183,,12.7179,,13.0008,,12.5256,,10.4672,,16.6415,,12.94,,14.1911,,13.175,,11.7177,,11.1844,,10.9692,,11.1638,,15.6879,,13.7375,,19.1559,,14.9084,,14.4948,,13.0901,,15.7489,,15.9645,,16.9416,,12.9394,,16.7518,,14.0486,,15.2638,,14.6647
121,1270068,,14.7546,,14.9751,,12.6792,,13.3109,,12.5421,,10.4849,,15.9795,,13.4005,,13.2968,,11.7942,,11.8261,,11.2142,,11.2158,,11.3851,,15.6096,,13.4419,,18.4966,,15.1133,,14.206,,13.1891,,15.4663,,16.1882,,17.7055,,13.1157,,17.3765,,13.4501,,15.3151,,13.3185
122,1280067,,14.2207,,14.2546,,11.847,,13.2539,,13.1238,,10.4022,,14.882,,13.3286,,13.2683,,12.0854,,11.518,,11.3242,,10.9703,,10.8161,,15.7929,,12.9495,,18.2092,,14.3961,,13.9909,,13.3978,,15.0438,,15.8143,,17.4788,,12.7454,,18.2917,,13.1946,,15.2756,,14.7772