Frame,Time (ms),,Mean Intensity ,,Mean Intensity ,,Mean Intensity ,,Mean Intensity ,,Mean Intensity ,,Mean Intensity ,,Mean Intensity ,,Mean Intensity ,,Mean Intensity ,,Mean Intensity ,,Mean Intensity ,,Mean Intensity ,,Mean Intensity ,,Mean Intensity ,,Mean Intensity ,,Mean Intensity ,,Mean Intensity ,,Mean Intensity ,,Mean Intensity ,,Mean Intensity ,,Mean Intensity ,,Mean Intensity ,,Mean Intensity ,,Mean Intensity ,,Mean Intensity ,,Mean Intensity ,,Mean Intensity 
0,922,,8.0423,,9.3803,,8.4165,,10.1043,,9.9716,,14.0094,,11.5842,,9.4791,,7.9364,,8.6648,,8.9149,,8.0434,,7.1825,,8.5652,,8.0492,,6.9086,,7.6504,,7.5947,,8.269,,9.3684,,7.7149,,11.0395,,13.6089,,10.5409,,10.3065,,9.9853,,10.6131
1,11188,,7.8246,,9.863,,8.5851,,9.8288,,9.5818,,16.1433,,10.9247,,9.3732,,7.9331,,8.454,,8.79,,8.065,,7.1852,,8.2594,,8.2474,,7.1687,,7.5161,,8.1237,,8.1443,,9.2319,,7.4112,,11.2979,,15.7186,,10.8015,,10.3704,,13.9848,,9.8056
2,21186,,7.6806,,9.7381,,8.4575,,9.6147,,10.9828,,13.9565,,10.9047,,9.3105,,7.921,,8.7069,,8.8,,8.0891,,7.1125,,8.2627,,8.0058,,7.0894,,7.6127,,7.2649,,8.4048,,8.8249,,7.5696,,11.792,,13.6726,,11.0604,,10.3321,,10.4079,,10.1886
3,31187,,7.7384,,9.584,,8.3658,,9.9246,,9.5181,,15.865,,11.9235,,9.6979,,7.9556,,8.3224,,8.7247,,8.0429,,7.1426,,8.4385,,8.1806,,7.1025,,8.0088,,7.4775,,8.1162,,8.921,,7.1035,,12.1863,,13.4774,,12.0415,,10.4719,,11.8101,,11.2342
4,41185,,7.8321,,9.4625,,8.2129,,9.5981,,10.7859,,15.4235,,11.1276,,9.3334,,7.8681,,8.5384,,8.8043,,7.876,,7.0571,,8.3351,,8.0471,,6.7009,,7.9745,,7.6769,,7.9417,,9.0665,,7.4022,,11.8793,,11.5787,,11.0394,,10.4992,,10.8879,,11.0893
5,51185,,7.7872,,9.6892,,8.245,,9.9836,,9.9341,,15.2711,,11.5169,,8.9763,,7.8197,,8.4048,,8.7882,,7.8536,,7.1675,,8.3839,,7.9098,,6.8264,,7.954,,7.6217,,8.1864,,8.8993,,7.1,,10.9852,,10.9096,,12.3033,,11.3962,,11.5146,,10.1346
6,61185,,7.7359,,9.5366,,8.4052,,10.3332,,13.14,,14.8068,,10.9451,,8.7908,,8.6562,,8.37,,8.4532,,7.9295,,7.251,,8.4151,,8.1567,,6.7494,,8.3472,,7.7399,,7.9613,,9.1022,,7.1244,,11.9394,,13.096,,11.4572,,10.3622,,13.6017,,9.7497
7,71184,,8.1245,,11.6851,,25.8786,,25.862,,19.6149,,14.5595,,10.457,,8.9208,,18.9758,,8.7551,,8.8488,,8.1259,,7.1498,,8.2301,,8.9796,,6.7685,,8.1817,,7.8143,,8.3091,,9.2408,,7.0055,,13.5155,,14.6574,,11.3641,,10.9025,,11.9016,,9.7104
8,81184,,8.215,,18.6534,,12.2572,,16.4941,,17.2022,,14.2424,,11.2987,,8.8871,,12.4186,,17.309,,8.9462,,8.2676,,7.574,,8.8091,,8.2664,,7.248,,8.7303,,8.078,,17.9061,,9.7722,,7.1616,,11.1171,,13.8138,,12.1639,,10.7046,,12.0651,,10.7334
9,91184,,11.4375,,16.3612,,11.7734,,17.8103,,16.9201,,14.4267,,10.8778,,9.0197,,14.1374,,14.374,,8.8402,,11.1159,,14.6001,,9.5406,,8.6903,,7.1354,,15.1176,,19.7223,,14.9505,,18.1766,,7.2963,,11.8697,,14.5474,,12.6836,,11.6217,,10.2774,,11.9127
10,101183,,14.0399,,15.3371,,14.9192,,15.2673,,19.0885,,18.0912,,11.5459,,9.7886,,14.8166,,13.6299,,9.047,,13.0392,,13.0725,,17.6591,,9.9576,,7.2386,,14.5256,,12.8409,,13.7946,,14.6601,,7.3221,,11.7401,,12.024,,11.6032,,12.4972,,11.441,,13.3093
11,111253,,12.5461,,14.9063,,17.8157,,16.976,,16.9542,,21.5328,,11.1693,,9.2854,,14.2294,,13.2249,,9.0831,,12.0935,,12.461,,13.4958,,10.0718,,7.1541,,11.7957,,10.9439,,13.9313,,14.2585,,7.5431,,12.6752,,14.9389,,13.2624,,12.933,,10.3044,,11.8837
12,121167,,11.0684,,13.8222,,14.5097,,16.5065,,16.6526,,18.2878,,12.33,,9.0981,,13.4341,,12.5144,,9.0928,,11.1747,,11.8817,,11.3878,,10.4429,,7.2539,,11.3372,,10.3993,,12.8596,,14.1506,,7.1756,,12.5514,,11.3168,,10.9974,,12.3914,,12.3712,,11.2831
13,131182,,9.8515,,13.6785,,14.0554,,13.8781,,17.1981,,16.5571,,11.5031,,10.1139,,12.9465,,11.8065,,8.9181,,10.3434,,10.8846,,10.3001,,12.6382,,7.1458,,10.1521,,10.2645,,12.2143,,14.8135,,7.4595,,12.5257,,14.1819,,11.5817,,11.6107,,11.2284,,10.9926
14,141182,,9.1978,,13.4923,,13.6281,,14.7436,,15.9354,,17.1725,,11.5252,,9.8797,,12.5506,,11.6997,,8.8515,,9.7784,,10.5986,,9.2613,,9.8176,,7.1811,,9.6101,,9.7643,,12.1475,,14.6447,,7.5965,,11.711,,19.4774,,10.3749,,11.5203,,10.1453,,11.2397
15,151183,,8.6903,,13.456,,12.5802,,14.1153,,15.8658,,17.031,,12.5697,,9.3412,,12.3508,,11.0673,,8.864,,9.2252,,9.5678,,9.0677,,9.7324,,7.1467,,9.442,,8.7178,,11.1338,,12.6066,,7.4855,,11.6639,,14.2265,,12.039,,11.8018,,12.4781,,10.4401
16,161180,,8.4688,,13.0679,,12.0909,,14.2126,,14.884,,17.9787,,10.6258,,9.2158,,11.792,,10.6401,,9.0656,,8.8116,,9.3284,,8.8134,,8.9181,,7.0317,,9.4556,,8.8748,,11.186,,12.9541,,7.2813,,13.0405,,15.3367,,14.4546,,11.1064,,10.9984,,9.8925
17,171181,,7.9468,,12.6583,,12.1111,,12.0418,,16.0184,,17.7381,,11.1866,,9.6293,,11.0936,,10.1281,,9.1257,,8.6945,,8.8568,,8.7243,,8.98,,7.1415,,8.5827,,8.2554,,10.2746,,13.1156,,7.4136,,11.7329,,10.726,,10.4687,,10.812,,10.2907,,10.4512
18,181180,,7.9634,,11.5422,,11.2637,,11.7826,,15.5634,,15.9052,,11.6958,,9.0679,,10.7353,,9.5219,,9.2357,,8.6376,,8.602,,8.6604,,8.5128,,7.0054,,8.5813,,8.6293,,9.9174,,11.5143,,7.2919,,11.2635,,11.0832,,10.147,,13.4029,,12.0225,,10.3624
19,191180,,7.9671,,11.5919,,11.3697,,11.8029,,13.6664,,17.5652,,12.6305,,8.8344,,9.9858,,9.1769,,8.7662,,8.5982,,8.3684,,8.6358,,8.6723,,6.9676,,8.5673,,8.485,,9.5417,,11.058,,7.3851,,11.5574,,12.74,,11.8354,,11.141,,13.1868,,11.3011
20,201180,,7.7948,,10.7798,,11.0148,,11.3164,,12.3786,,13.7222,,11.7339,,8.8295,,9.5742,,9.1625,,8.6495,,8.5528,,8.0584,,8.4598,,8.5087,,6.94,,8.4353,,8.1114,,9.1321,,10.6176,,7.3503,,10.8502,,13.156,,11.1976,,10.5191,,9.7792,,11.4925
21,211179,,7.8767,,10.5622,,10.3916,,10.5155,,12.1511,,14.8741,,10.82,,8.9802,,9.0667,,9.2901,,9.1812,,8.3844,,7.9499,,8.5595,,8.4298,,7.0499,,7.8732,,8.4602,,9.0023,,10.3171,,7.6782,,10.926,,11.3424,,11.0065,,10.6276,,10.9243,,11.0733
22,221179,,7.8472,,10.4348,,10.2736,,10.3689,,12.0632,,15.2642,,11.891,,9.5134,,8.7954,,9.2125,,9.1298,,8.323,,7.7388,,8.5068,,8.1686,,7.1737,,8.3832,,8.4759,,9.2594,,10.3907,,7.2906,,11.595,,15.4668,,10.0201,,11.502,,11.8004,,10.0494
23,231178,,7.7035,,10.2082,,9.6,,10.56,,11.2549,,14.262,,11.5752,,8.8012,,8.654,,8.7713,,8.8438,,8.2601,,7.905,,8.5767,,8.091,,6.9951,,8.5001,,7.8939,,8.9036,,10.1955,,7.3136,,12.3635,,11.4792,,10.7682,,11.378,,10.1481,,10.5635
24,241178,,7.7257,,9.8476,,9.9403,,9.7654,,11.2601,,13.6474,,11.9666,,9.5969,,8.3714,,8.8129,,8.8544,,8.2818,,7.5451,,8.4359,,8.8119,,6.774,,7.9162,,7.4633,,8.6181,,9.8526,,7.2604,,11.4766,,12.8784,,11.1161,,10.2226,,10.7427,,11.0163
25,251178,,7.6463,,9.6545,,9.6824,,9.5648,,11.5279,,13.6488,,11.683,,8.8096,,8.4109,,8.5004,,9.1458,,8.1261,,7.627,,8.378,,7.845,,6.8225,,8.091,,7.697,,8.9671,,9.3708,,7.1338,,11.9652,,12.1174,,9.9605,,9.7883,,9.8733,,10.9264
26,269726,,7.888,,9.9182,,10.4564,,10.3165,,10.6314,,15.4561,,30.492,,8.9945,,8.3728,,8.5919,,8.6269,,8.2214,,7.4819,,8.2328,,8.4321,,6.8439,,8.2202,,7.8229,,8.881,,9.1823,,7.271,,11.1497,,12.4436,,12.1901,,11.3245,,11.9614,,10.5372
27,279723,,7.7124,,9.4793,,19.8797,,10.0204,,10.5636,,14.7618,,26.7627,,9.4998,,8.3925,,8.7809,,8.5489,,8.4408,,7.4427,,8.3922,,12.6679,,6.8762,,7.9152,,7.5017,,8.5506,,9.5053,,7.0183,,10.961,,10.8203,,21.0435,,10.7404,,10.9409,,11.2177
28,289723,,7.9229,,10.1788,,10.9507,,10.2283,,10.3502,,16.1442,,21.5698,,10.172,,8.463,,8.6342,,8.9158,,8.034,,7.6123,,8.1808,,10.2803,,7.0623,,8.2807,,8.01,,8.4847,,9.5184,,7.586,,10.8687,,14.5176,,26.6353,,11.6828,,14.4037,,11.5659
29,299723,,8.0065,,10.2537,,10.1405,,9.892,,10.5875,,13.581,,18.7863,,9.4364,,8.345,,8.5068,,8.7018,,8.3189,,7.5381,,8.3331,,9.1549,,6.9511,,8.4074,,8.4149,,8.4699,,9.5391,,7.4213,,11.1171,,11.2424,,17.4484,,11.2083,,10.7782,,9.8143
30,309723,,7.6637,,10.3459,,9.7009,,10.7318,,11.1911,,15.1919,,19.7242,,9.5631,,8.2024,,8.704,,8.7373,,8.2688,,7.5489,,8.4083,,9.0351,,6.8739,,8.0485,,7.7588,,8.5416,,9.6532,,7.2592,,11.2598,,11.3371,,13.9743,,10.2083,,11.0061,,12.8422
31,319721,,7.9519,,9.8387,,9.102,,10.3062,,10.068,,13.7213,,19.0547,,9.1202,,8.1892,,8.6587,,8.821,,8.2698,,7.5427,,8.3257,,8.3843,,6.9474,,8.1049,,8.0438,,8.7743,,9.4487,,7.6951,,12.7556,,10.7138,,16.0717,,13.129,,12.917,,11.6748
32,329722,,8.01,,9.9711,,9.8357,,10.7956,,11.66,,14.7966,,21.9834,,9.3483,,8.2394,,8.5639,,8.8692,,8.2885,,7.5292,,8.4398,,8.3536,,7.0488,,8.1763,,7.9471,,8.3688,,9.8455,,7.1424,,11.4833,,12.504,,12.3092,,10.2627,,12.381,,11.2472
33,339721,,7.9381,,9.9225,,9.7673,,9.9512,,11.0482,,15.0584,,19.3584,,9.0737,,8.132,,8.763,,8.9944,,8.3055,,7.6644,,8.2208,,8.5067,,6.9788,,8.0398,,7.8371,,8.5732,,9.5817,,7.3875,,11.7247,,13.4617,,14.1734,,11.5913,,11.6402,,12.6662
34,349721,,7.9236,,10.0074,,9.3356,,10.6306,,10.5674,,13.7905,,19.8243,,9.5226,,8.3053,,9.039,,8.7916,,8.3842,,7.6025,,8.435,,8.2655,,7.0354,,8.3244,,7.5915,,8.3238,,9.6424,,7.4608,,12.7204,,11.582,,14.2344,,10.33,,11.0931,,10.5347
35,359721,,7.934,,10.1675,,9.8378,,9.9706,,10.5054,,14.6927,,19.0836,,9.6819,,8.0533,,8.9628,,8.8026,,8.3647,,7.5526,,8.5497,,8.3376,,6.8188,,7.9617,,7.3126,,8.5907,,9.6995,,7.6417,,13.225,,13.291,,13.7644,,10.4749,,12.9711,,11.0477
36,369721,,7.9787,,10.2702,,9.7939,,9.8454,,11.1044,,16.3716,,17.2047,,9.37,,8.3698,,8.6615,,9.4144,,8.3805,,7.4628,,8.7042,,8.5631,,7.1095,,8.5489,,8.0211,,8.8149,,9.6303,,7.225,,11.6694,,10.6369,,12.7621,,10.1107,,11.1636,,11.2957
37,379720,,7.9299,,10.1783,,9.2102,,10.2245,,10.2421,,18.0286,,16.9323,,8.9259,,8.2278,,8.6562,,9.0326,,8.255,,7.6273,,8.4925,,8.2365,,7.1965,,8.0162,,7.533,,8.5664,,9.8805,,7.7978,,11.2592,,11.3959,,11.7587,,10.7831,,13.7882,,12.1714
38,389722,,7.8703,,10.0156,,9.4719,,10.4711,,11.2033,,16.8941,,16.689,,9.3382,,8.3072,,8.6581,,9.029,,8.537,,7.4963,,8.4303,,8.4687,,7.0024,,8.2082,,8.1973,,8.4761,,9.4619,,7.6516,,11.1893,,14.0594,,12.0711,,11.5252,,12.2755,,10.4616
39,408772,,35.0573,,31.9864,,33.2756,,42.8546,,31.4077,,30.4501,,23.0103,,35.427,,38.5303,,30.3379,,31.4864,,34.6714,,34.0677,,27.4944,,31.6912,,20.1499,,37.6609,,26.5353,,38.1107,,34.5349,,35.6388,,51.7908,,35.9781,,14.1246,,46.0356,,12.2269,,14.286
40,418765,,23.1762,,21.8827,,24.2522,,29.6571,,23.729,,27.3347,,35.6456,,24.3556,,30.5707,,21.2683,,22.149,,27.2754,,25.9356,,19.1378,,22.6117,,14.0945,,24.7278,,19.2667,,23.7042,,24.3509,,21.227,,33.6085,,27.8361,,14.4807,,26.8092,,12.6937,,12.5191
41,428765,,17.8909,,19.6548,,20.6863,,21.8813,,19.0097,,23.2093,,23.5227,,27.0912,,25.0674,,18.1092,,17.7451,,23.0828,,21.1472,,16.1165,,18.3696,,12.1166,,18.6619,,16.0914,,19.4868,,22.1118,,16.5512,,29.0839,,31.999,,16.5414,,21.2842,,12.0648,,14.5082
42,438766,,15.6459,,17.5056,,17.9764,,23.458,,18.2364,,23.9473,,22.8516,,24.9028,,20.6606,,17.1256,,16.471,,19.8693,,18.5549,,14.7135,,17.5563,,10.1116,,17.0006,,14.5914,,17.0378,,19.5857,,15.1788,,25.4497,,22.0536,,13.7216,,18.778,,12.7239,,12.4589
43,448763,,14.7902,,17.0208,,16.282,,18.9526,,21.2725,,20.4965,,19.8797,,22.0484,,18.7949,,16.7228,,16.1048,,18.3112,,17.0621,,14.4845,,15.6685,,9.9551,,14.7828,,15.8656,,15.0445,,18.3814,,14.8248,,22.9924,,23.7457,,12.8289,,19.9674,,11.9818,,13.1653
44,458764,,14.7457,,15.8205,,16.6962,,20.7423,,17.0454,,20.7757,,18.527,,22.5694,,16.9674,,15.1667,,15.2824,,16.8563,,16.3076,,13.6468,,15.6826,,9.0256,,14.4804,,13.6702,,14.3834,,18.586,,14.1016,,21.885,,28.2288,,13.4498,,18.9807,,12.0259,,12.1768
45,468764,,13.9257,,15.8726,,16.6379,,20.5258,,16.1487,,21.2721,,21.6703,,21.1905,,16.8297,,14.6392,,14.7073,,16.8596,,15.5384,,13.2855,,14.4357,,8.6164,,13.762,,12.9755,,13.55,,17.1787,,13.0442,,20.1614,,30.373,,13.0832,,16.6845,,12.1406,,11.5142
46,478764,,14.1203,,15.7189,,15.2789,,18.0056,,18.1424,,20.7217,,19.2262,,21.4256,,16.0984,,14.0619,,14.2523,,15.8126,,15.1426,,12.901,,13.8591,,8.7519,,13.0152,,13.3922,,13.8812,,17.403,,13.2734,,18.8666,,20.7735,,13.6869,,18.982,,15.0505,,11.3937
47,488763,,14.2092,,15.1516,,15.4714,,17.072,,16.7506,,21.098,,16.7701,,20.4708,,15.8035,,14.0898,,14.5936,,15.6163,,14.7195,,13.3384,,14.2993,,8.3424,,13.6458,,12.7669,,13.8794,,16.1772,,12.1989,,20.4191,,21.5793,,14.1463,,18.8707,,10.7056,,13.3011
48,498763,,14.1689,,15.2227,,15.6932,,18.4929,,16.437,,21.3554,,16.547,,22.1018,,15.0745,,13.9407,,14.307,,15.7617,,14.4717,,13.4849,,14.3532,,8.3861,,13.5207,,12.7303,,13.5922,,16.5155,,12.3962,,17.7915,,23.3709,,11.9439,,17.6371,,12.163,,10.8336
49,508762,,13.9309,,15.3988,,14.9616,,17.0968,,16.5474,,22.5012,,14.4383,,21.841,,15.3951,,14.0792,,14.7277,,15.5726,,14.6377,,12.8221,,13.3629,,8.6334,,13.7471,,12.3161,,13.3318,,16.8165,,12.6397,,19.9217,,23.2418,,14.4496,,18.7308,,11.9272,,14.3149
50,518762,,13.9788,,15.5532,,15.4532,,17.6977,,17.3137,,25.338,,15.2468,,19.4691,,14.9179,,13.8158,,14.2478,,15.2551,,13.9962,,13.1719,,12.619,,8.2421,,13.2346,,13.122,,13.4373,,16.7899,,12.4667,,18.5734,,20.1595,,16.719,,17.246,,11.5222,,12.5006
51,528761,,14.2443,,14.9806,,15.3272,,19.0755,,18.2402,,23.9258,,13.9536,,19.038,,15.2012,,13.4505,,14.8214,,14.9902,,14.2455,,13.2977,,12.8471,,8.3205,,13.8232,,13.2604,,13.5661,,17.4725,,12.8221,,17.442,,20.8724,,14.7274,,16.982,,13.0079,,13.5608
52,538761,,13.6184,,14.5134,,15.2913,,16.8538,,15.9032,,19.7709,,12.5822,,19.9525,,14.807,,13.6451,,14.3918,,14.9785,,14.055,,12.8437,,13.0336,,8.7115,,13.4645,,13.9758,,13.1599,,16.02,,13.2059,,18.947,,23.9309,,12.1704,,16.8771,,10.6748,,12.2393
53,556260,,13.3837,,14.5755,,16.3435,,17.4425,,16.5744,,18.2605,,13.0593,,20.2916,,15.1024,,13.6326,,14.0613,,15.0995,,14.1869,,13.1481,,12.5411,,8.7807,,14.093,,14.4946,,13.7459,,16.6807,,12.8948,,22.8806,,22.8266,,14.123,,18.2473,,12.924,,16.5809
54,566244,,13.8446,,14.2778,,15.256,,17.1951,,17.6714,,20.0868,,12.9772,,18.9949,,15.1102,,13.9705,,14.4027,,15.2559,,14.3367,,13.3014,,12.4551,,8.8594,,13.2393,,12.3842,,13.8487,,16.5539,,13.3216,,18.1569,,26.9496,,11.2846,,24.1949,,13.9748,,13.1623
55,576227,,13.9524,,14.832,,15.4793,,17.4772,,16.2549,,20.3706,,13.4754,,18.1189,,15.6364,,13.4342,,14.7967,,15.0155,,14.0664,,13.4125,,13.1737,,8.6031,,13.0145,,13.9788,,14.5588,,16.2531,,12.7268,,23.418,,19.3785,,11.8878,,19.1873,,10.9192,,13.7902
56,586227,,13.636,,14.6687,,14.7536,,17.218,,16.5416,,19.7028,,12.788,,18.5621,,14.9097,,13.6724,,14.1793,,15.0284,,13.9021,,13.2398,,12.3881,,8.8601,,13.2972,,12.9946,,13.5975,,15.1931,,13.1706,,19.2367,,23.5978,,12.2348,,17.634,,13.0901,,13.8156
57,596226,,13.2851,,14.2084,,15.5632,,17.0984,,16.822,,19.4773,,12.3614,,16.9983,,15.0611,,13.8271,,13.9763,,14.8073,,13.6917,,12.6783,,11.7461,,8.0946,,11.9401,,12.4182,,13.0521,,16.6435,,12.8097,,18.2948,,20.608,,13.3431,,20.7485,,12.0657,,13.8399
58,606226,,13.1284,,14.6409,,15.6414,,15.9809,,15.7678,,17.3335,,11.457,,18.0515,,14.6024,,13.2955,,13.1835,,14.6289,,13.2149,,12.9148,,11.7262,,8.4088,,12.761,,11.7693,,12.8673,,15.8395,,12.9367,,17.9877,,16.8825,,12.3504,,17.6734,,10.6129,,11.8452
59,616226,,12.7402,,14.5053,,15.5655,,16.5997,,16.047,,20.187,,12.0319,,17.4574,,14.9048,,13.4994,,12.7455,,14.8977,,13.4091,,12.2138,,11.1865,,8.2184,,12.621,,11.6365,,12.5688,,15.7269,,11.4277,,17.9023,,20.9005,,11.8085,,19.6211,,14.1992,,13.8891
60,626226,,11.9508,,14.1143,,15.1712,,16.5243,,16.6967,,20.9661,,13.7853,,16.4963,,14.4565,,13.0659,,13.0438,,14.1358,,13.2131,,12.3797,,11.3048,,7.7221,,13.1002,,12.2616,,12.6876,,15.6284,,11.035,,16.3608,,16.4121,,10.8503,,15.1145,,12.362,,11.4303
61,637424,,13.9587,,14.6272,,16.8781,,17.0755,,16.1754,,18.0691,,12.8257,,19.4463,,14.759,,13.1554,,16.1852,,14.5611,,13.286,,13.3897,,11.3253,,7.9283,,13.9994,,12.2848,,13.5538,,15.8333,,13.1047,,19.4731,,26.9711,,11.7633,,20.2277,,10.5863,,14.4246
62,647412,,15.3907,,15.3623,,15.6721,,15.5941,,15.7519,,22.0626,,12.4815,,19.3108,,15.1034,,13.6754,,17.7531,,15.1345,,14.1882,,15.3457,,12.8672,,8.0015,,15.729,,13.6233,,14.0975,,15.7997,,15.0953,,22.5028,,25.8505,,12.9955,,22.5827,,14.3676,,14.9027
63,657411,,15.1094,,14.8142,,15.1651,,17.4043,,15.1099,,18.9825,,12.333,,18.506,,14.5245,,13.5267,,16.9888,,15.3098,,14.4827,,15.2827,,12.4382,,7.5914,,14.5138,,12.8817,,13.7474,,15.6191,,14.4056,,22.5994,,26.0582,,11.4304,,22.0958,,10.9048,,11.6819
64,667411,,14.2359,,15.1058,,16.0656,,17.206,,16.6782,,21.1305,,11.7014,,19.0765,,14.8301,,13.553,,15.9336,,15.0034,,13.724,,14.4776,,12.0736,,8.141,,14.3365,,13.2785,,13.5107,,15.4533,,13.462,,21.0467,,24.1675,,12.4903,,17.2431,,11.8604,,9.8586
65,677412,,13.2924,,14.5228,,15.3672,,16.8906,,16.1285,,18.3471,,11.961,,18.081,,14.4276,,13.5274,,14.5403,,15.2241,,13.8451,,13.1038,,11.8098,,7.7302,,13.7017,,12.1347,,13.7023,,14.747,,12.2036,,21.1475,,21.2337,,11.1518,,17.3946,,10.5304,,11.0001
66,687412,,12.6695,,14.4997,,14.6952,,15.1568,,16.5424,,20.2636,,11.4128,,18.3733,,14.4193,,13.6884,,12.9082,,14.4037,,13.152,,12.5873,,11.0104,,7.5917,,12.7034,,11.2821,,12.91,,15.4345,,11.1809,,18.3808,,17.5568,,10.406,,20.092,,12.5166,,11.6897
67,699797,,12.0672,,14.2652,,15.3257,,17.1057,,16.6299,,21.4111,,15.3167,,16.7086,,14.6418,,13.4091,,12.2614,,13.8323,,12.9524,,11.9185,,11.5479,,8.2957,,12.3993,,11.7525,,12.6022,,15.5099,,10.8467,,16.6348,,18.2859,,11.5027,,13.4452,,11.2892,,11.6899
68,709785,,14.024,,14.5224,,15.6165,,15.1107,,15.0771,,17.5092,,11.8953,,15.88,,14.5071,,13.0696,,13.915,,13.398,,12.5097,,12.9339,,10.7231,,8.157,,13.6402,,13.3412,,13.3948,,15.6737,,13.2525,,18.1816,,20.3569,,14.2918,,19.2684,,11.2919,,10.1587
69,719800,,14.3992,,14.1611,,14.9073,,16.9585,,16.4234,,18.7847,,13.6475,,15.7128,,14.778,,12.6899,,14.6815,,13.9812,,12.76,,13.4578,,11.2869,,8.9966,,13.4644,,13.4248,,13.5593,,15.3489,,12.6613,,18.6663,,26.8676,,11.8322,,20.8496,,12.3427,,12.7273
70,729801,,14.47,,14.7493,,15.2524,,19.4546,,16.4765,,21.2984,,12.1388,,17.2299,,14.4841,,12.7766,,14.2743,,14.4662,,13.2686,,13.2745,,11.014,,8.867,,13.6972,,12.3544,,13.7443,,15.3215,,12.6501,,19.2441,,21.0032,,11.9106,,19.3898,,12.3457,,11.626
71,739800,,14.2134,,14.8164,,15.3129,,17.3864,,16.3141,,20.188,,12.0179,,17.4445,,14.8123,,12.915,,15.0409,,14.3308,,13.1497,,14.3732,,12.4152,,9.7852,,13.2598,,12.2837,,13.6576,,15.2128,,12.4951,,19.5738,,20.3926,,10.9426,,19.4158,,15.3376,,13.5506
72,749800,,14.5909,,15.2879,,15.3859,,17.5457,,15.2131,,17.121,,15.1285,,19.1704,,14.5736,,12.9958,,15.5174,,14.2879,,13.2606,,14.2753,,11.7246,,10.2368,,13.973,,12.5727,,13.404,,15.7876,,12.5672,,22.0343,,22.0335,,12.9724,,21.3735,,11.4084,,12.7662
73,759800,,14.2893,,14.3407,,15.4955,,21.6153,,16.3124,,16.605,,13.1937,,17.1416,,14.3413,,12.8727,,14.8961,,14.2907,,12.8843,,14.3247,,12.0093,,9.7062,,13.6618,,12.6021,,13.2218,,15.1138,,13.189,,18.5181,,19.6408,,13.6715,,23.5957,,12.4075,,9.9276
74,769799,,13.8939,,14.3474,,15.8187,,16.7232,,17.2711,,18.9158,,12.5692,,18.3961,,14.2909,,12.7935,,15.4629,,14.0913,,12.907,,14.0507,,11.6634,,9.2904,,13.1737,,11.7045,,13.6181,,15.4859,,12.8643,,20.1966,,18.9489,,11.9225,,19.004,,13.3008,,12.3467
75,779799,,13.8086,,14.3572,,15.1862,,17.429,,16.5053,,18.3455,,12.8042,,18.3595,,14.4081,,12.9011,,14.5859,,14.2428,,13.051,,13.3566,,10.572,,8.8921,,12.8771,,11.904,,13.0017,,15.0662,,12.4786,,18.2857,,20.314,,15.9969,,18.593,,12.5491,,12.2027
76,800436,,13.2609,,14.1945,,14.9834,,15.7411,,15.8048,,17.7086,,13.4351,,15.8276,,14.4233,,12.8635,,18.2719,,13.5003,,12.6023,,14.2337,,10.7387,,8.8294,,12.2266,,12.2935,,12.9875,,15.194,,20.3382,,18.7079,,27.5204,,12.1773,,20.289,,13.045,,11.3999
77,802209,,13.811,,13.8867,,15.0252,,15.4649,,15.0712,,17.5235,,14.1329,,17.7513,,14.4856,,13.1459,,21.4925,,13.7293,,12.7704,,16.4173,,10.2718,,8.9066,,12.7163,,12.0401,,13.0142,,15.9271,,21.7245,,23.385,,39.642,,11.7755,,25.0464,,12.9465,,13.6724
78,812078,,14.6753,,14.5452,,14.7713,,15.5457,,15.9352,,18.4113,,17.8375,,18.2906,,14.9226,,13.5118,,27.9737,,13.8581,,13.3974,,25.5066,,10.7506,,9.7349,,13.9845,,13.3035,,13.4714,,15.3032,,23.2572,,29.8805,,31.553,,15.7457,,36.1136,,15.6347,,12.6817
79,822079,,16.56,,14.8232,,14.5202,,17.4928,,14.9215,,19.2391,,19.5486,,18.1866,,14.7927,,13.782,,25.6608,,14.3956,,13.598,,23.6785,,10.8963,,11.0939,,17.1337,,14.1931,,14.3438,,15.1731,,20.3321,,25.0624,,34.4592,,15.9348,,29.7341,,13.9898,,13.1219
80,832077,,18.3013,,14.6304,,14.9777,,16.2982,,15.9877,,21.7737,,18.2591,,16.4821,,15.6515,,13.9732,,21.8991,,14.4857,,12.8974,,22.3779,,11.299,,12.1217,,17.9802,,14.3947,,13.8684,,14.9222,,16.0204,,27.5034,,30.6152,,16.7689,,24.6521,,16.9821,,13.0848
81,842079,,19.7908,,15.2547,,14.842,,16.701,,15.5026,,17.3367,,18.4369,,17.445,,15.4548,,14.272,,18.4774,,15.3823,,13.0043,,18.1163,,11.17,,12.6876,,17.1053,,14.8763,,14.232,,14.5935,,13.6099,,22.6047,,20.2595,,16.2242,,23.5006,,17.762,,16.5357
82,852078,,20.0321,,15.9349,,14.3427,,16.6673,,16.4648,,20.7941,,20.4758,,15.8081,,15.3179,,14.3077,,16.02,,16.3322,,13.0595,,15.9567,,11.4234,,13.9032,,17.1989,,14.6645,,14.779,,14.9169,,12.4829,,22.7045,,26.2699,,16.2575,,24.1693,,14.9179,,14.1394
83,862077,,19.3032,,16.2449,,14.9746,,18.6917,,15.8027,,19.931,,18.5371,,14.4565,,15.3575,,14.7415,,14.6252,,16.7582,,13.199,,14.1183,,11.7093,,13.4072,,16.1736,,15.1352,,14.1929,,14.4188,,12.0427,,17.9112,,19.6174,,23.6892,,15.2355,,19.602,,12.9506