Genotype,Stimulant,Cell_ID,Peak_Index,Peak_Time,Peak,Delta_Ca,Time_to_Peak,AUC,Decay_Tau,SNR,Duration,Max_Upstroke,Max_Downstroke,Repolarisation_Slope
Het,KCl,Mean Intensity ,38,481.625,1,9.174745270477523,480.696,165.74277117695718,76.03891026,433.1202125256234,,0.031051739893740157,-0.031702483,-0.004513151
Het,KCl,Mean Intensity .1,38,481.625,1,8.460375042766636,480.696,54.193901702846986,11.368128975951516,496.10468875001635,,0.032483206,-0.036405627,-0.008648042
Het,KCl,Mean Intensity .2,39,491.625,1,11.737116074407353,490.696,126.58069694972482,43.244873216238155,663.5535462495033,,0.026912217334009288,-0.021070182,-0.004948398
Het,KCl,Mean Intensity .3,38,481.625,1,9.663504624,480.696,103.7129142,10.957046303399226,167.8391628827124,,0.027836961262717723,-0.035640187,-0.007157101
Het,KCl,Mean Intensity .4,38,481.625,1,12.604277399238423,480.696,108.8874667225829,41.84800882235366,2879.879268026957,,0.026217241,-0.037082908,-0.004521365
Het,KCl,Mean Intensity .5,38,481.625,1,10.188075628713301,480.696,162.53461627770375,35.389281499765154,702.4146324340777,,0.030156219,-0.026733685,-0.00402808
Het,KCl,Mean Intensity .6,39,491.625,1,12.841310202854839,490.696,115.10134702424175,37.43996866345421,1030.1282970157706,,0.026391325657401463,-0.018368666,-0.00644897
Het,KCl,Mean Intensity .7,38,481.625,1,9.678061353,480.696,158.87430937182916,26.133849285169802,745.2506165514183,,0.03125053,-0.025671933,-0.003933213
Het,KCl,Mean Intensity .8,38,481.625,1,8.019950113328008,480.696,77.38836066010336,7.347289436,605.4156913,,0.03851699,-0.050843712,-0.007428829
Het,KCl,Mean Intensity .9,38,481.625,0.7076064993280956,5.5805006678353495,480.696,63.33304372038971,12.076741438374773,706.7322885027146,,0.025914935,-0.026704232,-0.004329148
Het,KCl,Mean Intensity .10,38,481.625,1,5.762745455040121,480.696,169.03204959068992,15.773229052580326,600.9806509,,0.035288631,-0.035347067,-0.003498453
Het,KCl,Mean Intensity .11,39,491.625,1,50.49515297263466,490.696,150.57229100173026,68.14217730340323,4545.165747222753,,0.028299502358019705,-0.017360617,-0.005977034
Het,KCl,Mean Intensity .12,38,481.625,1,7.322167049173384,480.696,110.65778302977613,22.087363155544402,2187.4930231192884,,0.031077567471974422,-0.03313103,-0.006080624
Het,KCl,Mean Intensity .13,38,481.625,1,8.926458915071231,480.696,84.72206000680107,7.706735874224121,416.22287738974313,,0.035070308,-0.044119436,-0.007681258
Het,KCl,Mean Intensity .14,38,481.625,1,6.358104887398365,480.696,85.02462939217102,14.260042284771878,289.93848294764894,,0.033237138,-0.033265159,-0.007590565
Het,KCl,Mean Intensity .15,38,481.625,1,8.812847691,480.696,119.28509781039898,31.535935446248047,1242.5152600680694,,0.033882427,-0.029178502,-0.005807595
Het,KCl,Mean Intensity .16,38,481.625,1,9.118784086336502,480.696,148.59587892229104,34.054583763746116,817.6291961737384,,0.031883254,-0.030146151,-0.004066455
Het,KCl,Mean Intensity .17,38,481.625,1,7.680088094312761,480.696,151.31599539911505,19.64034084328694,451.1940783169007,,0.036057372,-0.033886858,-0.004361312
Het,KCl,Mean Intensity .18,39,491.625,1,32.13664525153001,490.696,125.44893155341322,16.15987506245153,1671.427452784348,,0.021494180402730788,-0.021608371,-0.007024242
Het,Glutamate,Mean Intensity .19,20,202.009,0.32210168382976173,2.1740219853934994,201.07999999999998,98.72857390030508,0.006604037,93.64839615867122,,0.011852491,-0.03072301,-0.001298439
Het,KCl,Mean Intensity .19,38,481.625,1,8.854099325575223,480.696,133.31912690957517,34.35515827536248,381.4000993737014,,0.031092476359897907,-0.03072301,-0.005486934
Het,Glutamate,Mean Intensity .20,22,222.009,0.3480484192642445,3.8807217408315346,221.07999999999998,115.37387695154796,1.0100286328194397,253.13624192955183,,0.009873608,-0.030290869,-0.00215415
Het,KCl,Mean Intensity .21,3,31.999,0.21273924693705887,0.7421243632424722,31.07,-2.207020283,0.44935916052663805,11.977964681054184,,0.010556511987054004,-0.007050051,-0.001172449
Het,KCl,Mean Intensity .21,38,481.625,1,7.189012550927653,480.696,101.0909746112916,37.590600748004455,116.03141291634469,,0.032717588,-0.025993924,-0.0057009
Het,Glutamate,Mean Intensity .22,22,222.009,0.2554040472665253,1.7824174477965442,221.07999999999998,117.92673082081558,0.6295975058049752,48.89170685549782,,0.007603472,-0.021601072,-0.001628771
Het,KCl,Mean Intensity .22,38,481.625,1,9.894179154854854,480.696,215.33379560085848,99.99999999999963,271.3973134705075,,0.031479600206211295,-0.021601072,-0.003239822
Het,KCl,Mean Intensity .23,38,481.625,1,5.484984799544941,480.696,157.11473760017586,18.742019120202173,308.9147479267968,,0.031135862,-0.029834032,-0.004303477
Het,Glutamate,Mean Intensity .24,23,293.037,0.3290626804981171,6.287372624142265,292.108,136.39442107062837,0.035252092,444.2399056776901,,0.012123431228135383,-0.025374624,-0.001934052
Het,KCl,Mean Intensity .24,39,491.625,1,21.145849578296264,490.696,196.2198803664258,99.99999999999999,1494.0788121999494,,0.030849791538310935,-0.025374624,-0.003926288
Het,KCl,Mean Intensity .25,38,481.625,1,9.920388215383628,480.696,150.77517998300553,9.160508333505414,492.25515165775914,,0.031129391315376627,-0.031699732,-0.004614411
Het,KCl,Mean Intensity .26,38,481.625,0.8820613450040976,8.417015553270025,480.696,129.5299610484582,10.484004375317499,711.3804045832823,,0.026249778636797554,-0.023757549,-0.004238234
Het,KCl,Mean Intensity .27,39,491.625,1,32.647074184463506,490.696,138.9867271488445,31.994121255990734,2454.1046616855238,,0.028457156956724912,-0.016696193,-0.007012008
Het,Glutamate,Mean Intensity ,11,111.253,0.3950239655145185,2.016213816714714,110.331,39.040928408342495,0.001399281,328.0416472178384,,0.009795398,-0.008156875,-0.00262532
Het,KCl,Mean Intensity ,40,418.765,1,6.635521082337617,417.84299999999996,125.36014926116741,13.568087486363801,1079.6113229427012,,0.035003333,-0.035928581,-0.005347397
Het,Glutamate,Mean Intensity .1,9,91.184,0.5648761068260648,3.277819017899207,90.262,38.70462193499424,13.93341643198527,38.54521421427553,,0.016211153286304444,-0.01130394,-0.003539931
Het,KCl,Mean Intensity .1,40,418.765,1,6.573021705,417.84299999999996,123.09573169237036,22.280823164145524,77.29485011,,0.032478088,-0.034042458,-0.005305083
Het,Glutamate,Mean Intensity .2,9,91.184,0.49706991917509646,1.7469827091080044,90.262,39.29400689,0.010227244290071935,11.627177395560633,,0.020698117,-0.012517676,-0.002459151
Het,KCl,Mean Intensity .2,40,418.765,1,4.526350726808636,417.84299999999996,116.90081198969655,18.861388552430068,30.12547438549098,,0.031095348863422908,-0.032075382,-0.005326859
Het,Glutamate,Mean Intensity .3,8,81.184,0.5137486543210303,1.6974421501332704,80.262,11.088494263385611,12.794438077731774,13.175777117885671,,0.014139102069838838,-0.011180367,-0.003003622
Het,KCl,Mean Intensity .3,40,418.765,1,4.250509422,417.84299999999996,98.72546591,24.27374502810589,32.993032946320035,,0.035627877,-0.032784753,-0.005318755
Het,Glutamate,Mean Intensity .4,9,91.184,0.6543630003996386,2.4987855906117775,90.262,44.91421529038704,25.36034476297597,16.07197444,,0.018066879721615057,-0.007723724,-0.002970298
Het,KCl,Mean Intensity .4,40,418.765,1,4.346857307755736,417.84299999999996,128.61201243762886,28.357987516010898,27.95861309390294,,0.03568551,-0.028860116,-0.004291927
Het,Glutamate,Mean Intensity .5,12,121.167,0.3972388002395256,4.359342614524809,120.245,56.445142840661006,0.4731784366206296,127.7551647298209,,0.015388587,-0.010280011,-0.003708847
Het,KCl,Mean Intensity .5,40,418.765,1,12.491488271773179,417.84299999999996,162.27567144923108,88.89868031159257,366.0763291611491,,0.03232621,-0.029088381,-0.00220075
Het,ATP,Mean Intensity .6,27,279.723,0.8741470428682981,10.250831618027496,278.801,148.06047020640082,99.99999999999999,936.6838307589493,,0.029817382,-0.02773382,-0.005195872
Het,KCl,Mean Intensity .6,41,428.765,1,11.870639682210287,427.84299999999996,117.46553388522992,35.497936572774044,1084.696019349062,,0.029817382,-0.021911815,-0.007795147
Het,KCl,Mean Intensity .7,41,428.765,1,8.163444961,427.84299999999996,169.78326221541192,79.41346507560323,654.5836311,,0.026012455232425846,-0.021625119,-0.004004401
Het,Glutamate,Mean Intensity .8,9,91.184,0.39759430312362415,1.654435008987792,90.262,21.835222605454117,0.25543540796851394,19.880906833280765,,0.009377738,-0.005852896,-0.002073917
Het,KCl,Mean Intensity .8,40,418.765,1,5.676240047037211,417.84299999999996,101.7419986002161,23.749745069369062,68.2098716,,0.032888481171100624,-0.031916401,-0.006062236
Het,Glutamate,Mean Intensity .9,9,91.184,0.5207088026029807,2.778031288650607,90.262,31.274633619203954,12.233141907489465,41.10824621375214,,0.014054319412560481,-0.012037345,-0.003548631
Het,KCl,Mean Intensity .9,40,418.765,1,6.255554870139583,417.84299999999996,123.88664367884022,25.461171430717975,92.56731227467347,,0.033361008069025436,-0.031524104,-0.005445773
Het,KCl,Mean Intensity .10,40,418.765,0.8543630172972111,7.526581294457559,417.84299999999996,119.13805914731614,12.250157169068542,2215.0658967056506,,0.029665065844482287,-0.028828803,-0.004406187
Het,Glutamate,Mean Intensity .11,11,111.253,0.3025269520643085,2.067283800409616,110.331,40.016667808078054,0.384919103,361.47809489880115,,0.007116868,-0.004974749,-0.00182957
Het,KCl,Mean Intensity .11,40,418.765,1,9.138877807,417.84299999999996,133.14776308754614,26.188660616875733,1597.992563313621,,0.032325034,-0.030427653,-0.005569264
Het,Glutamate,Mean Intensity .12,11,111.253,0.39387122183776735,2.828430920872244,110.331,49.32923263801544,0.14991203140484333,182.09900900596347,,0.009488978,-0.00719609,-0.002528374
Het,KCl,Mean Intensity .12,40,418.765,1,8.720006714,417.84299999999996,132.0157212193863,28.197326771469683,561.4082951433726,,0.033102616,-0.030720665,-0.005557602
Het,Glutamate,Mean Intensity .13,11,111.253,0.42320763182609816,3.732039554976909,110.331,37.30215324596737,2.1438841696977855,299.82922421338606,,0.013679094,-0.015599478,-0.00319603
Het,KCl,Mean Intensity .13,40,418.765,0.7819640921723151,7.743426952781189,417.84299999999996,112.35309835831215,11.357181186759616,622.1010420185037,,0.026521501686410435,-0.026644335,-0.004073262
Het,KCl,Mean Intensity .14,40,418.765,1,7.611028224973943,417.84299999999996,110.6205540870003,41.56092643523784,1152.1136067175783,,0.033569198,-0.031582615,-0.005972227
Het,KCl,Mean Intensity .15,40,418.765,1,6.912353971177299,417.84299999999996,81.76937089745992,14.881348543533841,534.1668247905012,,0.034720353,-0.03905716,-0.007081089
Het,Glutamate,Mean Intensity .16,10,101.183,0.40450966478810785,2.3342412449484793,100.26100000000001,36.18759009649225,4.932677180901643,127.74720412393191,,0.010786609129219759,-0.010045311,-0.002634754
Het,KCl,Mean Intensity .16,40,418.765,1,7.242673872069379,417.84299999999996,113.98658409513958,15.291879022958016,396.37348519164595,,0.035269124,-0.037103869,-0.006028419
Het,Glutamate,Mean Intensity .17,10,101.183,0.5871790523493592,3.518650302123131,100.26100000000001,44.77223206201018,5.894639713290514,77.87468022234397,,0.019341876,-0.020758639,-0.004024347
Het,KCl,Mean Intensity .17,40,418.765,1,6.695523680627879,417.84299999999996,143.99874561085016,20.794286009740375,148.1851621445334,,0.034318274517705125,-0.029677726,-0.004899625
Het,Glutamate,Mean Intensity .18,10,101.183,0.4757768894837357,2.458601172901013,100.26100000000001,41.65040709283315,6.868457338411304,41.98478898216047,,0.012692048641135394,-0.010014888,-0.00301763
Het,KCl,Mean Intensity .18,40,418.765,1,6.269376149509768,417.84299999999996,104.83189281686639,16.977091865623994,107.06024124131292,,0.033641548,-0.037503189,-0.006211746
Het,Glutamate,Mean Intensity .19,11,111.253,0.43629331157875656,3.569319183,110.331,61.41498537638673,0.001997573,141.60429293525988,,0.011931923747692724,-0.005988704,-0.00268021
Het,KCl,Mean Intensity .19,40,418.765,1,9.473044306632282,417.84299999999996,148.9163220285507,30.105094098362297,375.8206179569932,,0.031678048,-0.029872354,-0.004801053
Het,KCl,Mean Intensity .20,40,418.765,1,6.497211541359393,417.84299999999996,121.09075276460064,13.550596991068218,591.3018125057936,,0.035247464,-0.036351411,-0.005707664
Het,KCl,Mean Intensity .21,40,418.765,1,7.113396601754578,417.84299999999996,115.63748517071106,17.459274694635763,629.8533936287978,,0.032184248,-0.034475745,-0.006525194
Het,KCl,Mean Intensity .22,40,418.765,0.788632854,4.710202057516945,417.84299999999996,121.7691592336831,25.741802944640224,127.38370086441451,,0.019808954,-0.016767362,-0.003258438
Het,KCl,Mean Intensity .23,28,289.723,0.9757385264055658,5.971075182804971,288.801,78.48184363776248,18.042903755738326,151.2583093459201,,0.034339872,-0.033789247,-0.007464663
Het,KCl,Mean Intensity .23,51,528.761,0.4528472428381537,2.2353259512872525,527.8389999999999,58.72954362,5.900230006574983,56.62491492360328,,0.009575038,-0.010633352,-0.002381743
Het,KCl,Mean Intensity .24,40,418.765,0.976994893,5.4230224533850135,417.84299999999996,133.93927807129825,9.327322220754557,636.2060454620375,,0.034799038,-0.034873827,-0.005308821
Het,Glutamate,Mean Intensity .26,10,101.183,0.5694189473684212,3.903294519407184,100.26100000000001,68.10617309,2.854809064358774,50.167484151194316,,0.022943894736842118,-0.013167722,-0.002812941
Het,KCl,Mean Intensity ,44,516.931,1,6.968511676218981,516.0250000000001,237.03257358129548,99.99999999999999,92.53152375987494,,0.012196051,-0.01290391,-0.002430025
Het,ATP,Mean Intensity .2,19,227.08,0.6153736940178002,12.707924835061172,226.174,212.52973531762345,3.446216736241653,654.3481225119666,,0.028384615947089215,-0.020061159,0.001121235
Het,Glutamate,Mean Intensity .3,12,121.225,0.3853446038631222,1.24844954,120.31899999999999,103.36014227396136,0.001363839,45.15278389819126,,0.013861257393017964,-0.022678833,0.000754536
Het,KCl,Mean Intensity .3,42,496.932,1,4.8349059961487075,496.026,212.3994993,99.99999999999932,174.86446882814525,,0.021796025,-0.014531996,-0.000560052
Het,Glutamate,Mean Intensity .4,8,81.226,0.23864636160620956,0.847068199,80.32,77.40071189830279,0.027013087766235344,9.680901262202243,30,0.015485509840298423,-0.012921999,-0.00011622
Het,KCl,Mean Intensity .4,46,536.93,1,6.739771043897341,536.024,236.37123109259335,63.397751650975295,77.02692423162263,,0.019726266319864866,-0.019206162,-0.00304755
Het,Glutamate,Mean Intensity .6,20,237.079,0.7677506918012631,5.802710196686314,236.173,202.16300164992165,0.00449884,132.79896932889943,,0.015806534114456698,-0.017159065,-0.001208052
Het,KCl,Mean Intensity .6,43,506.931,1,7.860571887895135,506.025,264.74430296677076,99.99999999978738,179.89453370328735,,0.013911156007334901,-0.017736042,-0.002901022
Het,KCl,Mean Intensity .10,62,696.925,1,14.658468073559666,696.019,247.11590316264704,22.04814929244868,353.1034492331769,,0.012323950780831028,-0.019733061,-0.003159344
Het,Glutamate,Mean Intensity .11,21,247.08,0.6429362097999269,2.6485420185274227,246.174,131.12119538488324,0.003233538,45.11800477254844,,0.026274366,-0.0173879,-0.000792607
Het,KCl,Mean Intensity .11,49,566.93,1,4.6748118443395805,566.024,185.0820051,77.99286949303904,79.63558124743238,,0.015941852,-0.018593239,-0.002346603
Het,KCl,Mean Intensity .12,46,536.93,1,5.397798669781543,536.024,112.65788043056094,35.99687417666202,77.86030768050001,,0.029902585338566108,-0.024427844,-0.00410116
Het,Glutamate,Mean Intensity .14,6,61.226,0.32814002214403304,0.6711833619007121,60.32,24.213252844782804,0.002740014,5.412158145436224,,0.017808580949091577,-0.016910439,-0.001173226
Het,KCl,Mean Intensity .14,42,496.932,1,4.092897083938047,496.026,186.91695013500802,99.99999999999999,33.003509247513676,,0.027034271,-0.018311284,-0.00374542
Het,ATP,Mean Intensity .16,26,297.078,0.8771361272581205,6.779043251283761,296.17199999999997,177.74803994226386,18.555724376950586,81.41746993,,0.022134450699025688,-0.022980126,-0.00364008
Het,Glutamate,Mean Intensity .20,20,237.079,0.7031981283537052,3.165239568336319,236.173,138.49501015900415,11.645752121565476,75.08000896104933,,0.014435933225751572,-0.009889,-0.002700475
Het,KCl,Mean Intensity .20,45,526.93,1,4.923280225571397,526.024,197.3336072027925,99.99999999999984,116.78102572436369,,0.030471912685747424,-0.020860382,-0.001604629
Het,Glutamate,Mean Intensity .21,20,237.079,0.9881471315095367,2.492757591,236.173,152.97135354862834,10.754863630865449,20.252667682325168,,0.026621749085726884,-0.016986833,-0.003574146
Het,KCl,Mean Intensity .21,48,556.93,0.9631788421013326,2.404503342263792,556.024,186.18038238575468,7.8830426061922925,19.535636884702203,,0.016253746948911692,-0.013609827,-0.00286646
Het,Glutamate,Mean Intensity .22,27,307.078,0.5643260055244006,2.6967823829352757,306.17199999999997,176.59500775011693,0.39104829386773754,21.51304527631886,,0.013239514397256225,-0.016936098,-0.001053755
Het,KCl,Mean Intensity .22,42,496.932,0.9083796993636841,4.9506066294130955,496.026,205.7002420105513,99.99999999999972,39.49248008950834,,0.022001541,-0.016936098,-0.000547799
Het,Glutamate,Mean Intensity .23,20,237.079,0.6941794968885588,8.260658326,236.173,163.4840789706473,25.366780834507207,148.57026521692745,,0.018401359797322926,-0.013382438,-0.001928027
Het,KCl,Mean Intensity .23,43,506.931,1,12.340437693357334,506.025,191.94385407422357,99.99999999999993,221.9462455152553,,0.020677333866072456,-0.017667349,-0.003377032
Het,Glutamate,Mean Intensity .24,27,307.078,0.6459592544017909,5.409266637351938,306.17199999999997,224.04235401361754,0.223691039,73.64817343233769,,0.018871404,-0.019220652,-0.000389979
Het,KCl,Mean Intensity .24,42,496.932,0.9736478092056793,8.660622365185924,496.026,236.91796454752216,99.99999999995974,117.91598764586773,,0.012454610077718687,-0.019220652,-0.001980872
Het,Glutamate,Mean Intensity .25,20,237.079,0.6842595269478976,3.1162329630291525,236.173,157.11684166111195,0.001067495,49.81629032012323,,0.020982342894445553,-0.020637329,-0.000521848
Het,KCl,Mean Intensity .25,43,506.931,0.9678169292828326,4.822001433,506.025,232.96762715104484,99.99999999993923,77.08480917968109,,0.025311331,-0.026244401,0.000197737
Het,Glutamate,Mean Intensity .26,20,237.079,0.8517168025489642,3.716541158290486,236.173,152.6055003943192,0.001004412,78.97276422645385,,0.027992286,-0.017724026,-0.003727849
Het,KCl,Mean Intensity .26,42,496.932,0.9762590197732169,4.406216989182847,496.026,249.90849683982574,99.99999999999999,93.62768245983591,,0.020039012,-0.01978704,-0.001006295
Het,Glutamate,Mean Intensity .27,18,217.094,0.5500818193306006,1.9307594038646145,216.188,108.73181567242818,0.28917982471131065,20.441038629267542,,0.022461630928450237,-0.015560943,-0.001677878
Het,KCl,Mean Intensity .27,43,506.931,1,4.327860876098543,506.025,175.91933865486388,100,45.819262189453646,,0.033960723,-0.023986878,-0.001257547
Het,KCl,Mean Intensity ,70,959.575,1,4.712596607,958.668,125.33564001426952,99.99999999999999,285.10600739352697,,0.014774920000893477,-0.009290147,-0.004491787
Het,KCl,Mean Intensity .1,70,959.575,1,4.198853582153547,958.668,131.1616578969723,99.99999999999382,629.6185113063893,,0.012232566544433799,-0.010392023,-0.003632642
Het,KCl,Mean Intensity .2,71,969.562,1,0.6914581964859415,968.655,-38.90990651,99.99999999999939,17.523217537382855,19.985,0.011993743743434959,-0.006926215,-0.003574588
Het,KCl,Mean Intensity .3,70,959.575,1,2.1454552367691244,958.668,75.39954015418982,99.99999999999837,72.07422094240742,,0.013414774,-0.009239037,-0.004053758
Het,KCl,Mean Intensity .4,70,959.575,1,3.602241563003122,958.668,125.96354813632375,99.99999999999999,147.96690204901415,,0.015334713866200382,-0.008631425,-0.003196618
Het,KCl,Mean Intensity .5,71,969.562,1,0.6223212688894805,968.655,-59.11721434,78.10393244076737,9.943875724785576,40.011999999999944,0.016444557554191545,-0.011179127,-0.005433554
Het,KCl,Mean Intensity .6,71,969.562,1,4.530488276221661,968.655,111.77209049237416,99.99999999999999,203.57642689895118,,0.015333771178989153,-0.01077723,-0.004946705
Het,KCl,Mean Intensity .7,70,959.575,1,1.8431878516431806,958.668,16.594284936082353,100,46.17349663012427,,0.019012162,-0.012973007,-0.004511899
Het,KCl,Mean Intensity .8,70,959.575,1,1.6832449842523691,958.668,-4.171380123,95.49171827406171,57.12965372786857,,0.023153611,-0.015733008,-0.005858551
Het,KCl,Mean Intensity .9,71,969.562,1,2.2299022672755524,968.655,19.503805636086863,65.75690405813158,43.516665779982375,,0.018214683,-0.01423546,-0.006632102
Het,KCl,Mean Intensity .10,85,1109.56,1,3.2227141281369036,1108.653,198.8217342862018,1.0165404514225633,77.23346953424807,,0.00871718,-0.013755757,-0.003726483
Het,KCl,Mean Intensity .11,73,989.56,1,1.2829639352116566,988.6529999999999,44.83181193861648,99.99999999999966,22.322953610761576,,0.011574115563779398,-0.00893015,-0.003480399
Het,KCl,Mean Intensity .12,71,969.562,1,1.4139663048489168,968.655,-8.672965865,99.99999999998724,22.67092995881409,,0.014904801721863682,-0.010932496,-0.005055858
Het,KCl,Mean Intensity .13,73,989.56,1,1.1693497582075014,988.6529999999999,-4.325859316,99.99999999994112,17.582677388109826,,0.014883426974131161,-0.009778826,-0.005224268
Het,KCl,Mean Intensity .14,70,959.575,1,2.186075091086486,958.668,72.97103497329837,99.99999999999999,40.52332252530942,,0.013601147327815899,-0.022485954,-0.002610271
Het,KCl,Mean Intensity .15,68,898.127,1,3.119503554900294,897.2199999999999,97.76448115313596,1.0097640898713984,80.61133152132747,,0.024399892485706082,-0.014164754,-0.001709993
Het,KCl,Mean Intensity .16,74,999.562,1,4.270306238655096,998.655,128.12985537093383,53.15087072424935,161.15132585991398,,0.020263894847004433,-0.013609157,-0.006119221
Het,KCl,Mean Intensity .17,72,979.56,1,1.1917939318754793,978.6529999999999,35.21938033900017,99.99999999999999,31.374607890687898,,0.017299725488418415,-0.010281137,-0.003649384
Het,KCl,Mean Intensity .19,72,979.56,1,13.195019958300183,978.6529999999999,198.64964124101144,79.10267959846499,980.3528089272984,,0.013704411,-0.013541844,-0.005538588
Het,KCl,Mean Intensity .20,71,969.562,1,0.6735766650305737,968.655,-35.89302118,99.99999999999999,10.928904066867577,9.986999999999966,0.016318160652363866,-0.008927544,-0.003037494
Het,KCl,Mean Intensity .22,70,959.575,1,1.0331222606385246,958.668,-49.38276679,66.45053186159501,32.39200126,,0.013010165512293463,-0.009775782,-0.006874694
Het,KCl,Mean Intensity .23,71,969.562,1,4.182134889580877,968.655,102.91792882030272,94.82984593,107.05212903885766,,0.012119531,-0.008443069,-0.0058947
Het,KCl,Mean Intensity .24,70,959.575,1,0.6832346814787177,958.668,-68.30175667,86.93506656,12.609179736588464,40.011999999999944,0.015422857230251632,-0.00882969,-0.005425114
Het,KCl,Mean Intensity .25,68,898.127,1,2.634402421572289,897.2199999999999,133.97967892436165,1,42.46807153116601,,0.023091435685801333,-0.0096526,-0.00206309
Het,KCl,Mean Intensity .26,71,969.562,1,1.0288038130222057,968.655,-26.81827626,99.99999999999999,15.423501786825765,,0.015560885995363061,-0.008642771,-0.004556461
Het,KCl,Mean Intensity .27,69,949.548,1,1.2770258678874824,948.641,5.187190939038478,95.39500109107757,52.159770099342616,,0.016179632794417267,-0.008907949,-0.004941474
Hom,KCl,Mean Intensity ,46,520.811,1,11.045621641007823,518.648,141.2208710049452,99.99999999999999,2141.3495877033974,,0.037208731,-0.026617826,-0.003989907
Hom,KCl,Mean Intensity .1,47,530.77,1,10.644382569204177,528.607,171.83938895660052,99.99999999998651,2472.765629298277,,0.033338951454327234,-0.023828323,-0.002116709
Hom,KCl,Mean Intensity .2,47,530.77,1,7.968103490840885,528.607,109.15371411451436,92.49221406813894,899.0155675141284,,0.033212392,-0.0203207,-0.005162841
Hom,KCl,Mean Intensity .3,47,530.77,1,5.836946842772143,528.607,153.9039777039544,99.99999999999999,259.48263501954364,,0.032692101,-0.019874498,-0.003517411
Hom,KCl,Mean Intensity .4,47,530.77,1,5.288646106319103,528.607,136.9216259244746,99.99999999999999,231.1410587000876,,0.028119639956891977,-0.010043353,-0.004135895
Hom,KCl,Mean Intensity .5,47,530.77,1,10.564851329107306,528.607,187.80007450302526,99.99999999999999,2407.298763511379,,0.033308016,-0.012818412,-0.002474895
Hom,KCl,Mean Intensity .6,47,530.77,1,9.287165845362196,528.607,122.99477400302875,62.810028090941415,1696.493006,,0.03565348,-0.02192805,-0.00636459
Hom,KCl,Mean Intensity .7,47,530.77,1,8.672202810898899,528.607,132.48767730652995,99.99999999999999,880.1127190808996,,0.033875782,-0.018289753,-0.004694676
Hom,KCl,Mean Intensity .8,47,530.77,1,4.633567817879751,528.607,104.36151432967934,40.27645351186847,129.84533707157567,,0.031815720171600906,-0.014574791,-0.006086674
Hom,KCl,Mean Intensity .8,99,1128.158,0.6857027566580303,2.862952982540109,1125.995,70.55061076552872,49.763489066191426,80.22783083,,0.012141831193523986,-0.011460329,-0.002367082
Hom,KCl,Mean Intensity .9,47,530.77,1,5.848000376433805,528.607,119.15828130962231,41.42761769588419,190.55420453986827,,0.032834675,-0.018138969,-0.005740367
Hom,KCl,Mean Intensity .9,99,1128.158,0.6815372539899411,3.6671673718767788,1125.995,79.78930513263688,99.99999999999986,119.49283797561478,,0.012401448998210808,-0.008456377,-0.002223852
Hom,KCl,Mean Intensity .10,46,520.811,1,8.063809699622912,518.648,154.5768166,99.99999999999999,887.3904297541328,,0.037780623,-0.024704339,-0.004135592
Hom,KCl,Mean Intensity .10,52,580.768,0.7297773055183933,5.614562620322285,578.605,158.61201958835474,99.99999999999997,617.8604558044408,,0.037780623,-0.009262852,-0.001795862
Hom,KCl,Mean Intensity .11,47,530.77,1,15.91914890936699,528.607,149.84478310681556,48.79401299937228,4466.367718,,0.031348821,-0.010531101,-0.005908087
Hom,KCl,Mean Intensity .12,47,530.77,1,8.535730869462258,528.607,92.11685231819293,23.958070500038662,1958.4032884679066,,0.035146155,-0.023359715,-0.007046465
Hom,KCl,Mean Intensity .13,47,530.77,1,14.416569338050977,528.607,140.1253404,29.694594032674637,2192.197672658126,,0.038603038046042495,-0.019400479,-0.006825425
Hom,Glutamate,Mean Intensity .14,23,260.138,0.2679467677814274,-0.132927496,257.97499999999997,-18.78719966,,-4.793749923,228.53799999999998,0.006036888,-0.007386657,-0.001866091
Hom,KCl,Mean Intensity .14,47,530.77,1,2.2359879200057104,528.607,51.30517640214692,49.32683462430859,80.63619056110281,,0.031143493309230386,-0.015019478,-0.006082854
Hom,Glutamate,Mean Intensity .15,24,270.139,0.2975743849518508,-0.152423779,267.976,-36.75455342,,-4.520021933,428.533,0.006958563,-0.008171681,-0.00212566
Hom,KCl,Mean Intensity .15,47,530.77,1,1.8482835341491344,528.607,69.12010625,68.54762090846837,54.80957210094659,,0.033286942,-0.022341924,-0.003904217
Hom,Glutamate,Mean Intensity .16,23,260.138,0.33412009589830344,-0.218128408,257.97499999999997,-70.36409906,,-3.422008502,238.53900000000002,0.007647704,-0.011963255,-0.002340613
Hom,KCl,Mean Intensity .16,46,520.811,1,1.340091488125129,518.648,48.06389324358529,9.035159183033551,21.023416971433146,,0.035227675,-0.035805614,-0.001968135
Hom,KCl,Mean Intensity .17,46,520.811,1,8.673580520703602,518.648,103.34689002573357,68.98751260673014,857.5317109145482,,0.039051582781233586,-0.033204519,-0.005701021
Hom,KCl,Mean Intensity .18,46,520.811,0.9296164411435544,1.4184934044938997,518.648,69.93942292289091,4.501651497956929,21.20045526139574,,0.040166324,-0.04719365,-0.001386842
Hom,KCl,Mean Intensity .19,47,530.77,1,7.719153951,528.607,145.52507791930495,99.99999999999956,1224.9091702150174,,0.031300517,-0.017624071,-0.004349752
Hom,KCl,Mean Intensity .20,47,530.77,1,8.063757179862623,528.607,109.61414655079943,80.45731732011592,739.6060350042662,,0.032984787,-0.02323328,-0.005294382
Hom,Glutamate,Mean Intensity .21,7,71.622,0.38094884365869375,0.3689309393680404,69.459,-49.55047398,11.85898260044397,5.530604039794199,,0.005972595,-0.007575922,-0.002634267
Hom,KCl,Mean Intensity .21,47,530.77,1,2.5934770826985805,528.607,64.65764878243155,99.99999999999599,38.87853606221291,,0.032991607629683485,-0.019593732,-0.004548647
Hom,Glutamate,Mean Intensity .22,25,280.138,0.3166491145955221,-0.218120967,277.97499999999997,-44.0979063,,-3.962623333,428.52,0.010836562242697453,-0.013073678,-0.002406307
Hom,KCl,Mean Intensity .22,47,530.77,1,1.4692285466628185,528.607,12.316135680760642,62.43758955,26.691607877268037,,0.033144151,-0.022628833,-0.0051049
Hom,KCl,Mean Intensity .23,46,520.811,1,4.1268150801521735,518.648,97.98452118950536,99.99999999999999,254.42689457274943,,0.036142534,-0.023512474,-0.003810188
Hom,KCl,Mean Intensity .24,47,530.77,1,5.937717746690273,528.607,69.59908946523129,13.445439091430508,193.27628474091952,,0.039553176,-0.036719451,-0.006702326
Hom,Glutamate,Mean Intensity .25,23,260.138,0.29719298245614034,0.917293374,257.97499999999997,48.66546312575524,0.002755453,12.288308101614996,,0.009316721,-0.01157568,-0.002224986
Hom,KCl,Mean Intensity .25,47,530.77,1,5.451341340217761,528.607,130.82583415712156,47.32289058780975,73.02763093382418,,0.03342823,-0.020521988,-0.005601442
Hom,Glutamate,Mean Intensity .26,23,260.138,0.3875618322575901,0.9120337151858562,257.97499999999997,34.874072043600464,0.2527954910431902,8.547627910136871,,0.013403999416877777,-0.016943129,-0.00288009
Hom,KCl,Mean Intensity .26,47,530.77,1,3.9334933320137604,528.607,103.4953837762522,46.360875533591795,36.86490623014581,,0.032442397,-0.018847621,-0.005793988
Hom,Glutamate,Mean Intensity .27,23,260.138,0.35277775424984964,0.8767255716404122,257.97499999999997,39.88532343312357,0.010238909463302082,8.489561111317347,,0.012094752753016856,-0.014962802,-0.002549535
Hom,KCl,Mean Intensity .27,47,530.77,1,4.319852368897528,528.607,114.59555695533912,45.780598918761946,41.83025095185226,,0.032835859,-0.01927723,-0.005608435
Hom,Glutamate,Mean Intensity ,13,131.611,0.2822997416020668,2.1981181390486975,130.804,137.14187440014865,1.0159836601400873,54.08004043983198,,0.008876927,-0.014470284,0.005467832
Hom,KCl,Mean Intensity ,23,296.279,1,10.328802927339567,295.472,142.77039999384863,71.06154141853446,254.11831606435956,,0.029085424573518072,-0.013560731,-0.004438995
Hom,Glutamate,Mean Intensity .1,8,81.612,0.2925836823190526,0.7625693326176284,80.80499999999999,86.61266654786279,0.38001204402884703,7.381660804731637,69.99399999999997,0.010479529642351939,-0.018079591,-0.002228642
Hom,KCl,Mean Intensity .1,23,296.279,1,5.024154589371824,295.472,122.86866173631493,32.76176409006699,48.63374833337905,,0.025758575219396604,-0.018079591,-0.005623213
Hom,KCl,Mean Intensity .2,23,296.279,1,2.2302633769520432,295.472,91.18094379534436,99.99999999999918,95.59331124129999,,0.016276067,-0.010329384,-0.004211417
Hom,KCl,Mean Intensity .3,23,296.279,1,8.479218922782154,295.472,80.74574322613337,49.69863807305885,146.09373480641415,,0.025941044579802123,-0.015514354,-0.006646957
Hom,KCl,Mean Intensity .4,23,296.279,0.9270833333333336,14.530015552099686,295.472,139.40330189559037,25.10793655394486,333.8096130855264,,0.021165458,-0.014545393,-0.004933776
Hom,KCl,Mean Intensity .6,23,296.279,1,12.31726445676048,295.472,177.55939540751586,99.99999999999999,1744.249464105997,,0.024599864,-0.009578447,-0.00256578
Hom,KCl,Mean Intensity .7,23,296.279,1,13.226487574667523,295.472,124.37697038485959,98.98175998323018,4252.796709417883,,0.027183088951898464,-0.01029939,-0.004982947
Hom,KCl,Mean Intensity .8,23,296.279,1,15.13198690827823,295.472,133.42846614352163,97.34671493766153,2377.9895687845515,,0.026102516405115673,-0.00738197,-0.004828504
Hom,KCl,Mean Intensity .9,24,306.277,1,12.172304667275574,305.46999999999997,139.53560537371425,99.99999999999999,5647.883554733848,,0.029482401490476397,-0.009679566,-0.004850402
Hom,KCl,Mean Intensity .10,23,296.279,1,15.286535842481705,295.472,149.88194404967663,99.99999999998123,2633.4945104405333,,0.026302696083168684,-0.007621637,-0.004698546
Hom,KCl,Mean Intensity .11,23,296.279,1,13.99919075144514,295.472,141.09719293526445,99.99999999999999,5082.493023,,0.024922475650934448,-0.010712161,-0.00401479
Hom,KCl,Mean Intensity .12,23,296.279,1,18.274647120722857,295.472,127.75001203524168,88.34043984,8359.081515139056,,0.026070189785304718,-0.008761648,-0.004897386
Hom,KCl,Mean Intensity .13,23,296.279,1,12.294623434583531,295.472,156.48551134979584,99.99999999999999,6952.243320965149,,0.024974554534342774,-0.008853923,-0.00286913
Hom,KCl,Mean Intensity .14,23,296.279,1,13.038819313831961,295.472,148.0256134986997,99.99999999999997,689.1833206,,0.02741616,-0.005767935,-0.00405952
Hom,KCl,Mean Intensity .15,23,296.279,1,40.07683437030694,295.472,103.43543080975302,46.28685482495932,6863.756712122081,,0.022060401506904814,-0.024786883,-0.007719514
Hom,KCl,Mean Intensity .16,23,296.279,1,15.47277227722778,295.472,181.77670626573257,99.99999999999999,4444.551322271708,,0.026695646497090508,-0.004927157,-0.003313028
Hom,KCl,Mean Intensity .17,25,316.277,1,31.628530102684685,315.46999999999997,130.03067747928918,36.57282579585294,1023.0895643263011,,0.026211676,-0.017017399,-0.008857909
Hom,KCl,Mean Intensity .18,24,306.277,1,68.19321456,305.46999999999997,167.75518864544458,77.69408231948451,7738.616316140041,,0.026564287481236765,-0.012086522,-0.007410394
Hom,KCl,Mean Intensity .19,23,296.279,1,17.85471566,295.472,70.49403220870956,30.53612766512859,9103.424299861568,,0.028314362478249505,-0.021409351,-0.008940964
Hom,KCl,Mean Intensity .20,23,296.279,1,15.059750982089428,295.472,122.8178014317774,82.71179994,1043.5165405827865,,0.028058393781839407,-0.010563952,-0.005033735
Hom,KCl,Mean Intensity .21,23,296.279,1,9.957292779275456,295.472,119.45408281783028,88.36450942097729,528.5086057730455,,0.026285396502247427,-0.009429145,-0.004844452
Hom,KCl,Mean Intensity .22,25,316.277,1,98.18940131418904,315.46999999999997,151.19580455100586,31.336711287892797,77440.50583,,0.025892290575712868,-0.012432967,-0.008145111
Hom,KCl,Mean Intensity .23,24,306.277,1,10.780224887556251,305.46999999999997,99.07247443199057,75.52665941807979,2534.808231565999,,0.030082285523119277,-0.018693098,-0.006578702
Hom,KCl,Mean Intensity .24,23,296.279,1,14.53223307067479,295.472,132.5541209528117,99.99999999999999,4544.8838407481035,,0.026211241,-0.008274247,-0.004572836
Hom,KCl,Mean Intensity .25,23,296.279,1,14.448962605548886,295.472,168.91456149397342,99.99999999999999,4098.995895669787,,0.025377503359724236,-0.00848412,-0.003477479
Hom,KCl,Mean Intensity .26,23,296.279,1,15.574162930792998,295.472,114.98118557009303,45.68813297008754,4087.4947360252017,,0.025663975047227675,-0.012843755,-0.007538413
Hom,KCl,Mean Intensity .27,24,306.277,1,20.989682458474185,305.46999999999997,70.376368,24.54878801968551,2012.5578360226789,,0.024495062043779835,-0.018885818,-0.009003254
Hom,KCl,Mean Intensity ,72,850.923,1,3.031939470692073,849.93,100.20139453953786,63.28525951355724,149.13082613044747,,0.022565537592722996,-0.021592936,-0.004790543
Hom,KCl,Mean Intensity .1,65,780.981,1,1.9312808400657882,779.9879999999999,127.45397288064387,17.95044696084972,38.40767067,,0.019353771,-0.015720922,-0.001965437
Hom,KCl,Mean Intensity .2,66,790.926,1,2.5728850917706056,789.933,197.4626975150448,10.186905596042193,147.2055274725584,,0.020541657023717023,-0.009087393,-0.00159004
Hom,KCl,Mean Intensity .3,70,830.923,1,3.685806166211845,829.93,179.52190127011903,57.03176652931507,320.3975628000323,,0.020191852120639116,-0.015451334,-0.00436338
Hom,KCl,Mean Intensity .4,74,870.923,1,3.881010595672303,869.93,180.0519395969723,19.38988087632589,836.3449502111375,,0.012217581828127912,-0.019692626,-0.002987884
Hom,KCl,Mean Intensity .5,81,983.247,1,4.580722911708618,982.2539999999999,158.19697627054947,43.011802488127124,799.1143886591773,,0.013076103722038641,-0.009582681,-0.004548212
Hom,KCl,Mean Intensity .6,74,870.923,1,4.449661911852887,869.93,164.24660796789942,66.20892355244617,165.0871427483485,,0.018373659123076536,-0.010824827,-0.003746176
Hom,KCl,Mean Intensity .7,74,870.923,1,6.167133391470822,869.93,115.55354940972973,99.99999999999999,327.29768777777457,,0.019123565313835657,-0.01631698,-0.004521077
Hom,KCl,Mean Intensity .8,81,983.247,1,4.513274423075042,982.2539999999999,212.45823472513135,22.152504298380585,734.7329497102457,,0.015411435709388091,-0.00658693,-0.001785767
Hom,KCl,Mean Intensity .9,74,870.923,1,5.142561899202817,869.93,215.38098641067967,27.582926497250483,1024.5150786654406,,0.011530169051136574,-0.020723413,-0.001529675
Hom,KCl,Mean Intensity .10,66,790.926,1,1.6219127105529174,789.933,148.62897644005167,99.99999999999999,14.519756584387773,,0.016698265501381947,-0.00931437,-0.002008417
Hom,KCl,Mean Intensity .11,78,953.248,1,9.065298739,952.255,175.9233726076564,57.60091567473033,1590.0961472734439,,0.014318879897369938,-0.008661952,-0.005684152
Hom,KCl,Mean Intensity .12,74,870.923,1,13.592631644355944,869.93,198.56959930902835,99.99999999999999,3569.292290089023,,0.014963168325014105,-0.010849015,-0.002426381
Hom,KCl,Mean Intensity .13,75,880.923,1,5.878833633532326,879.93,208.6253690925649,99.99999999999999,941.3124874,,0.015324870622179734,-0.00957643,-0.003559778
Hom,KCl,Mean Intensity .14,66,790.926,1,2.543108413905069,789.933,200.06559499990507,99.99999999999999,40.528457777632994,,0.016471803100658232,-0.006393376,-0.001302021
Hom,KCl,Mean Intensity .15,76,890.923,1,6.801045401990515,889.93,193.29979801024473,99.99999999999994,3308.672840069972,,0.008991599,-0.008484853,-0.004089013
Hom,KCl,Mean Intensity .16,61,703.929,1,4.198027748220763,702.9359999999999,178.4067044412957,99.99999999999962,210.82284186962272,,0.021475204295405594,-0.015324363,-0.003097288
Hom,KCl,Mean Intensity .17,63,723.931,1,2.5926601143847936,722.938,142.03707318494352,0.9740818723691461,71.42748256314952,,0.023890493411234986,-0.024679574,-0.00138422
Hom,KCl,Mean Intensity .18,65,780.981,1,1.9915628909998877,779.9879999999999,157.05908841463426,99.99999999999977,41.28363098198921,,0.019563750674882585,-0.007440361,-0.00097597
Hom,KCl,Mean Intensity .19,66,790.926,1,3.0935773765682457,789.933,141.46488724238478,99.99999999999999,59.74538851895143,,0.023293037162156083,-0.019041462,-0.003070315
Hom,KCl,Mean Intensity .20,61,703.929,1,2.076203283,702.9359999999999,96.10085243674274,25.19134570232271,22.48758523589539,,0.028220643532220806,-0.024581581,-0.004782313
Hom,KCl,Mean Intensity .21,58,673.93,1,4.511068585714586,672.9369999999999,166.82819689542492,99.99999999999842,101.29339994859843,,0.023006896453860917,-0.015754218,-0.005049721
Hom,KCl,Mean Intensity .22,71,840.924,1,3.8384487343119895,839.9309999999999,209.45751401507476,88.80531210773097,1240.8470170236626,,0.019406567009729602,-0.006761987,-0.002494927
Hom,KCl,Mean Intensity .23,71,840.924,1,2.5114949000078646,839.9309999999999,165.72359855055373,30.995729476623694,63.76432049395474,,0.012086901528057538,-0.013797315,-0.003704214
Hom,KCl,Mean Intensity .24,72,850.923,1,3.1499363628483525,849.93,233.6952869436045,19.45408165454714,351.11593133768616,,0.016061412349524445,-0.00887852,-0.001861253
Hom,Glutamate,Mean Intensity .25,48,526.184,0.6316420639861156,8.260920776360978,525.1909999999999,194.35466123901898,0.00100044,186.89574893018516,,0.029467832659842166,-0.007893482,-0.000697547
Hom,KCl,Mean Intensity .25,65,780.981,1,13.661659354853457,779.9879999999999,234.83153990477695,88.02896030119763,309.0825013188379,,0.029467832659842166,-0.009007904,-0.002013931
Hom,KCl,Mean Intensity .26,65,780.981,1,2.6599061141928186,779.9879999999999,172.27270446099058,68.28298573972982,38.21492370037459,,0.025425248,-0.009843367,-0.002971853
Hom,KCl,Mean Intensity .27,71,840.924,1,2.7926664918978013,839.9309999999999,160.24846718885408,44.579304967629554,41.78424531053833,,0.014186583982198405,-0.013663286,-0.003258001
Hom,Glutamate,Mean Intensity ,8,83.335,0.40350524696009044,1.2436267344341232,82.40299999999999,34.45858739618256,0.005716056,9.403097024369623,,0.016313993875015392,-0.023273127,-0.003309467
Hom,KCl,Mean Intensity ,79,896.493,1,4.560340915854395,895.561,203.10483356642638,67.08127219357081,34.48086705493142,,0.008075183,-0.01560249,-0.004666551
Hom,Glutamate,Mean Intensity .1,7,73.342,1,0.8526434723469511,72.41,-64.81348883,24.810733171362727,2.240004335975653,9.933999999999997,0.035814264,-0.024332748,-0.006296093
Hom,KCl,Mean Intensity .1,66,766.513,0.9076681025741593,0.6815853852915592,765.581,80.13538582086315,57.556052991415285,1.7906126862007727,65.48900000000003,0.010947783619652245,-0.005492787,-0.000878559
Hom,ATP,Mean Intensity .2,25,316.211,0.8745294980049021,7.8591422041915635,315.279,220.24849714021462,11.776624857031836,237.45391795184915,,0.030468318,-0.01929715,-0.001440993
Hom,ATP,Mean Intensity .3,25,316.211,0.6649798648769161,9.888859459010147,315.279,157.45123820500123,9.400048782299876,924.9041599151146,,0.025601741473513948,-0.008598512,-0.001721597
Hom,ATP,Mean Intensity .4,19,218.701,0.47451965345055713,1.507807115877171,217.769,48.342954011469004,2.4816770956454146,16.06576748800644,,0.016265858802495883,-0.015538791,-0.002807427
Hom,KCl,Mean Intensity .4,82,926.492,0.9026021083180402,3.7701964999465942,925.56,159.18938095127805,69.02776640483768,40.171650414980476,,0.021469352154066507,-0.011639134,-0.0033145
Hom,KCl,Mean Intensity .5,71,816.495,1,68.16917411651876,815.563,322.0665909525705,99.99999999999999,7675.144438788372,,0.009220675,-0.011183121,-0.000810311
Hom,ATP,Mean Intensity .6,38,452.575,0.6894145937546078,15.639048665739042,451.643,239.2829663365339,2.909810273332918,1207.0473221082307,,0.011466901064654013,-0.007799555,-0.000416615
Hom,ATP,Mean Intensity .7,33,398.09,0.7370234683986725,7.579959344711299,397.15799999999996,187.85195670981466,5.483479346775952,1159.529244420826,,0.014657616,-0.015132955,-0.00210648
Hom,KCl,Mean Intensity .8,69,796.498,1,31.78169727089764,795.566,303.5722088,100,4694.002820097582,,0.01441041,-0.012909315,-0.001495068
Hom,Glutamate,Mean Intensity .9,26,326.219,0.7358412711483623,21.64488680825715,325.287,155.97611568731742,7.012061882,2271.4089084275324,,0.027433336,-0.010170706,-0.002730414
Hom,KCl,Mean Intensity .9,73,836.496,1,29.77414613197393,835.564,275.3953712424452,99.99999999999999,3124.491311231498,,0.013879331487093926,-0.016103455,-0.000705894
Hom,ATP,Mean Intensity .10,25,316.211,0.6029609890655525,15.62490312997279,315.279,156.79033191675458,0.001080212,1357.9516564792623,,0.01905318,-0.006856196,-0.001657247
Hom,ATP,Mean Intensity .11,24,306.372,0.8741850942995331,4.182295495303158,305.44,121.73664285418879,7.414968687092488,146.97120228579783,,0.027928163,-0.032927226,-0.004162045
Hom,KCl,Mean Intensity .14,81,916.492,1,39.22072692253747,915.56,234.23971348179475,93.02144824388948,4632.834820054848,,0.009146359,-0.014534774,-0.004593125
Hom,Glutamate,Mean Intensity .15,4,43.343,0.6242702610495285,1.2720515421071363,42.411,-5.02470294,5.993746917851846,5.663306225154962,,0.020385131,-0.020559442,-0.005549974
Hom,KCl,Mean Intensity .15,66,766.513,1,2.639531920497612,765.581,194.81498670903503,99.99999999999999,11.751471589026501,,0.012943970052448617,-0.007621737,-0.000914076
Hom,KCl,Mean Intensity .16,75,856.494,1,82.65513141791686,855.562,301.7029969866582,99.99999999999993,7272.545395,,0.016527264,-0.015418381,-0.001241605
Hom,Glutamate,Mean Intensity .18,8,83.335,0.5548641883262974,0.5174778564821282,82.40299999999999,-53.52624772,9.186825761484382,4.339991874238029,,0.013863543655888926,-0.015256879,-0.002644122
Hom,KCl,Mean Intensity .18,76,866.493,1,1.7348635727590864,865.561,144.99751270072343,46.82206778931502,14.549982601904869,,0.018507882814364676,-0.009894601,-0.002275574
Hom,KCl,Mean Intensity .19,80,906.492,1,21.024620789251284,905.56,220.9111162157137,99.99999999999977,1198.8711846293293,,0.016421088776179767,-0.009731091,-0.004199338
Hom,KCl,Mean Intensity .20,76,866.493,1,5.749043408,865.561,196.9750136114057,98.01387757096485,103.31833600574647,,0.009438867,-0.019603544,-0.001945741
Hom,Glutamate,Mean Intensity .21,10,103.298,0.5223633999656004,1.9412432481030932,102.366,36.301430777116224,2.803620479187591,12.17372411823415,,0.026635208,-0.018053024,-0.00313973
Hom,KCl,Mean Intensity .21,71,816.495,1,4.630645731107473,815.563,249.26518989763247,99.99999999999999,29.039227142124385,,0.010987085507211563,-0.009427237,-0.000723386
Hom,Glutamate,Mean Intensity .22,16,177.08,0.2589296781841579,6.7199100910920375,176.14800000000002,78.48693446,0.009814765,396.30532118089405,,0.013716061478272997,-0.012001118,0.000193623
Hom,KCl,Mean Intensity .22,79,896.493,1,28.81469774,895.561,264.2842726281023,99.99999999999999,1699.3408971194617,,0.008657891,-0.013221562,-0.003432182
Hom,KCl,Mean Intensity .23,75,856.494,1,6.067030787868962,855.562,219.14193391506163,99.99999999999946,135.69411787087571,,0.009016054,-0.011292575,-0.001684657
Hom,KCl,Mean Intensity .24,73,836.496,1,28.557991705983067,835.564,296.84902756177365,100,2053.492898105625,,0.014726701013831656,-0.010209931,-0.001416879
Hom,KCl,Mean Intensity .25,80,906.492,1,12.96930862386857,905.56,261.8730150603211,62.02633005154526,509.55598820664414,,0.007293043,-0.011495689,-0.003866941
Hom,Glutamate,Mean Intensity .26,5,53.349,0.5369233651114468,1.8029892340196516,52.416999999999994,-2.887405775,0.012095068322243385,9.076805808891589,,0.025053914253203278,-0.033031226,-0.004424224
Hom,KCl,Mean Intensity .26,64,721.007,0.8152367071939047,3.255914087418859,720.0749999999999,216.52294788533393,0.010212345320254723,16.391279184761533,,0.018128116229212055,-0.007908577,-0.001321435
Hom,Glutamate,Mean Intensity .27,6,63.408,0.29680723941092785,1.1744117951390656,62.476,7.796135958,0.4464976154324578,12.056034329079575,,0.010709643682928502,-0.012377317,-0.001849932
Hom,KCl,Mean Intensity .27,59,662.573,1,6.3260066009663785,661.641,240.2422860110662,99.99999999999366,64.94021352893829,,0.026173489013637783,-0.010392784,-0.00246297
WT,Glutamate,Mean Intensity ,24,322.87,1,22.216895384067303,322.063,141.99180667843729,41.33700886014765,3.168402722518509e+16,,0.027093904,-0.01770577,-0.005996352
WT,KCl,Mean Intensity ,56,706.194,0.728732632,15.918909285332594,705.387,216.14634977354743,0.001632636,2.2702323905861252e+16,,0.018255162355108615,-0.009702562,-0.002733038
WT,Glutamate,Mean Intensity .1,24,322.87,1,39.68924704104833,322.063,131.49235975004711,38.86884341986276,7.036535642700135e+16,,0.028925790519246996,-0.018106491,-0.005731724
WT,Glutamate,Mean Intensity .2,23,312.862,1,13.32483409011538,312.055,120.60969535745659,43.91421712881372,1.7994043524394228e+16,,0.027462909,-0.015474255,-0.005085204
WT,KCl,Mean Intensity .2,56,706.194,0.7603140544230957,9.891372685993801,705.387,187.07475093197675,5.750329227432606,1.335744891261423e+16,,0.020446048311063413,-0.011850935,-0.003792064
WT,Glutamate,Mean Intensity .3,25,332.859,0.9426673496980944,21.360557768924558,332.05199999999996,147.87965996792016,44.22545653072734,2.790812038320127e+16,,0.023294648495065514,-0.019242416,-0.006600979
WT,KCl,Mean Intensity .3,72,890.889,1,22.720517928287126,890.082,150.7580071634322,29.803802618527303,2.968494345376096e+16,,0.018343592801296625,-0.008643987,-0.002655055
WT,KCl,Mean Intensity .4,55,696.192,1,48.853249475894266,695.385,273.4792412741805,22.11290490234334,2.5528328041284784e+16,,0.021892347,-0.015042958,-0.002908689
WT,KCl,Mean Intensity .5,37,452.856,0.3759570181329755,4.8329860077405025,452.049,62.929306546420385,0.001054549,2768376480122378.5,,0.011220541,-0.008006173,-0.000388209
WT,KCl,Mean Intensity .6,56,706.194,1,39.014508928572404,705.387,262.30941669533337,20.168617956214664,4.610364261040181e+16,,0.019574373134744645,-0.01115332,-0.002528487
WT,KCl,Mean Intensity .7,56,706.194,1,63.59764089122113,705.387,218.19187238949326,14.574739787451835,6.8859687967647256e+16,,0.021428136666125624,-0.013507345,-0.005468201
WT,Glutamate,Mean Intensity .8,25,332.859,0.9401010211924895,26.684721099434782,332.05199999999996,170.55611873650344,24.638623534782564,2.1366254715423216e+16,,0.024591662,-0.013706488,-0.005818993
WT,Glutamate,Mean Intensity .9,25,332.859,1,41.222409909911754,332.05199999999996,171.71256663154986,31.271346074826425,3.396389253279474e+16,,0.023789502454067225,-0.01598837,-0.00628029
WT,Glutamate,Mean Intensity .10,25,332.859,1,6.065271288,332.05199999999996,123.94194900587347,36.11962245,9936778771615540.0,,0.023747599229875325,-0.014632976,-0.006608095
WT,KCl,Mean Intensity .10,56,706.194,0.7627389717046704,4.388957757223246,705.387,183.34256302734627,0.013327191940450067,7190461926393506.0,,0.020417445524911093,-0.010359931,-0.001941499
WT,Glutamate,Mean Intensity .11,24,322.87,0.7329754375643474,34.29390934844342,322.063,138.4095093003877,25.84307065588583,2.559916210607524e+16,,0.019474270716340246,-0.011560209,-0.003861582
WT,KCl,Mean Intensity .11,56,706.194,0.789866157,37.03328612,705.387,262.7100224886016,0.44595341454992765,2.764400771717533e+16,,0.015127224591851734,-0.010583084,-0.001708282
WT,Glutamate,Mean Intensity .12,32,402.857,1,14.936211340206405,402.05,260.9077214427872,7.072876484626035,1.2160437879900934e+16,,0.026296850361864698,-0.021839405,-0.007391585
WT,KCl,Mean Intensity .12,51,624.476,0.9774525263143711,14.57689003436448,623.669,281.2737214158326,99.99999999999999,1.1867893517807352e+16,,0.023126614,-0.009456197,-0.000480791
WT,Glutamate,Mean Intensity .13,32,402.857,0.6587629011137554,12.648191365227838,402.05,211.53440960654873,0.44599362129677184,9869314219691882.0,,0.016399374832795903,-0.011893447,-0.004035295
WT,KCl,Mean Intensity .13,56,706.194,1,19.717911318553536,705.387,295.32169393090356,79.88190165,1.5385777850722648e+16,,0.01571805,-0.010421538,-0.001823225
WT,Glutamate,Mean Intensity .14,32,402.857,0.5517046050561211,13.01759061833741,402.05,204.8401206196027,0.017168865402613198,6810256451034341.0,,0.013359908,-0.006621873,-0.002039513
WT,KCl,Mean Intensity .14,55,696.192,1,24.40778251599241,695.385,266.0791356481001,17.237962677617332,1.2769126269866546e+16,,0.012978076156508988,-0.017397794,-0.002900467
WT,Glutamate,Mean Intensity .15,32,402.857,0.7623841482901886,14.557608695652608,402.05,239.13181547767064,0.001001124,9009309454863522.0,,0.017879336671282973,-0.012048007,-0.004523939
WT,KCl,Mean Intensity .16,55,696.192,1,39.12192262602743,695.385,285.0925463466188,4.311206824880935,2.9427556533219956e+16,,0.028539914,-0.028424338,-0.00162093
WT,Glutamate,Mean Intensity .17,32,402.857,0.8935561848193936,12.110863396838445,402.05,247.96030189930292,4.096296696955796,9664354190006486.0,,0.02334001,-0.017574794,-0.006223679
WT,Glutamate,Mean Intensity .18,32,402.857,0.6762743880691652,14.504542701393381,402.05,217.32795451523322,0.001121091,1.2050784753416448e+16,,0.018116470588513296,-0.013172526,-0.004384893
WT,Glutamate,Mean Intensity .19,32,402.857,0.8752954750112562,11.471732157177401,402.05,246.14987133235826,4.8525615929464045,8945120126513920.0,,0.02459337,-0.01748402,-0.00598301
WT,Glutamate,Mean Intensity .20,32,402.857,0.7559253969239687,14.077621800165529,402.05,234.76724894602168,0.001089786,7474242511704800.0,,0.018255398,-0.011512464,-0.004015119
WT,Glutamate,Mean Intensity .21,32,402.857,0.8459668843992102,13.900334448160867,402.05,245.43098348017676,3.6320259772871806,8046216236809658.0,,0.020830168616132468,-0.014037557,-0.005100757
WT,KCl,Mean Intensity .21,67,816.19,1,16.613377926421794,815.383,237.59228838960237,12.010887775837885,9616662945654270.0,,0.014335703659990772,-0.008366021,-0.002060377
WT,Glutamate,Mean Intensity .22,32,402.857,0.6411698537682791,14.454545454545764,402.05,209.6586675047976,0.24956723564290229,9604283171825766.0,,0.014745583,-0.011375451,-0.003565245
WT,KCl,Mean Intensity .22,55,696.192,1,23.103668261563477,695.385,274.42205296213007,99.99999999999999,1.5351169152274958e+16,,0.013013277771898136,-0.011184663,-0.001418157
WT,Glutamate,Mean Intensity .23,32,402.857,0.5261590185207032,14.527415143603626,402.05,168.81451069560816,0.019740624966083198,1.0828897948350836e+16,,0.011826118,-0.009271601,-0.002755178
WT,KCl,Mean Intensity .23,55,696.192,0.8417187684322284,23.83986074847772,695.385,249.90035896641936,9.329797785821205,1.777049919729366e+16,,0.010951313368920891,-0.012688335,-0.002730644
WT,KCl,Mean Intensity .24,56,706.194,1,63.32328482328995,705.387,275.3828446807484,20.866767124841186,4.303403650076128e+16,,0.021198325330359417,-0.015019407,-0.002787796
WT,KCl,Mean Intensity .25,55,696.192,1,36.63428571428739,695.385,280.23428183520645,32.34212965101745,2.6508941278494084e+16,,0.023701125047214645,-0.020605397,-0.002502956
WT,KCl,Mean Intensity .26,55,696.192,0.91192774,33.54305135951838,695.385,292.80633532062575,6.011488577654356,1.847577205388399e+16,,0.015985404370713007,-0.015507967,-0.00225883
WT,KCl,Mean Intensity .27,54,686.208,0.9578128235212919,35.85989376,685.401,290.2914508247642,9.192524744671827,2.281685781088654e+16,,0.023889476,-0.025893784,-0.001529201