Genotype,Stimulant,Peak_Index,Peak_Time,Peak,Delta_Ca,Time_to_Peak,AUC,Duration,Max_Upstroke,Max_Downstroke,Repolarisation_Slope
WT,Glutamate,24,322.87,1.1978,0.19779999999999998,322.063,213.87234073333335,129.92200000000003,0.031481113320079517,-0.017271727,-0.003551228
WT,Glutamate,26,342.859,1.336,0.3360000000000001,342.05199999999996,271.30250739999997,119.98200000000003,0.048158954,-0.038063806,-0.006660305
WT,Glutamate,22,302.875,1.1262,0.1262000000000001,302.068,177.191779,241.54299999999995,0.035974155,-0.013321332,-0.001619671
WT,Glutamate,26,342.859,1.1196,0.11959999999999993,342.05199999999996,177.95260013333333,291.602,0.0251,-0.022222222,-0.004496202
WT,Glutamate,23,312.862,0.6879,-0.3121,312.055,82.08193713333335,513.406,0.00477,-0.001818545,-0.000136975
WT,Glutamate,31,392.858,0.6209,-0.3791,392.051,49.46708833333335,479.69100000000003,0.003080616,-0.005570557,0.000491054
WT,Glutamate,22,302.875,0.7418,-0.2582,302.068,162.98338433333333,513.4069999999999,0.013440000000000007,-0.005510551,-4.20E-05
WT,Glutamate,21,292.935,0.7017,-0.2983,292.128,125.71789206666668,513.397,0.00763,-0.004370437,0.000194418
WT,Glutamate,26,342.859,0.9192,-0.0808,342.05199999999996,148.9659664,513.4069999999999,0.012370000000000003,-0.012791279,-0.002492148
WT,Glutamate,24,322.87,0.9612,-0.0388,322.063,140.7803676,513.405,0.012664015904572558,-0.016231623,-0.00128904
WT,Glutamate,25,332.859,1.2184,0.21839999999999993,332.05199999999996,209.89543026666666,139.98200000000003,0.031371769,-0.020042004,-0.005484346
WT,Glutamate,26,342.859,0.8325,-0.1675,342.05199999999996,121.43857320000001,513.4069999999999,0.009144869,-0.004240424,-0.001624997
WT,Glutamate,25,332.859,0.9517,-0.0483,332.05199999999996,164.36993713333337,513.4069999999999,0.023280000000000002,-0.020982098,-0.002817201
WT,Glutamate,20,282.875,0.7714,-0.2286,282.068,136.397503,482.048,0.01714,-0.013131313,1.79675454438525e-05
WT,Glutamate,20,282.875,0.6938,-0.3062,282.068,84.93664500000003,482.048,0.00938,-0.003960396,0.000133365
WT,Glutamate,31,392.858,0.7955,-0.2045,392.051,125.05753086666671,479.69100000000003,0.013800000000000002,-0.01160116,-0.001255138
WT,Glutamate,21,292.935,0.6941,-0.3059,292.128,116.91101886666667,513.397,0.00853,-0.004480448,0.000368167
WT,Glutamate,21,292.935,0.847,-0.153,292.128,163.7315194,513.397,0.024670000000000004,-0.019721972,0.00052928
WT,Glutamate,31,392.858,0.8521,-0.1479,392.051,157.07270586666667,479.69100000000003,0.016510000000000004,-0.014741474,-0.001821138
WT,Glutamate,20,282.875,0.8494,-0.1506,282.068,156.99076073333336,482.048,0.024940000000000007,-0.019261926,-6.98E-05
WT,Glutamate,20,282.875,0.7211,-0.2789,282.068,104.80336826666668,482.048,0.01211,-0.006890689,0.000277509
WT,Glutamate,20,282.875,0.7495,-0.2505,282.068,113.84716233333334,482.048,0.014950000000000008,-0.010211021,0.000532561
WT,Glutamate,20,282.875,0.7254,-0.2746,282.068,110.56969986666667,482.048,0.012540000000000006,-0.00710071,0.00035045
WT,Glutamate,21,292.935,0.72,-0.28,292.128,112.11225700000003,513.397,0.01149,-0.007490749,0.000639894
WT,Glutamate,31,392.858,0.721,-0.279,392.051,100.63890973333334,479.69100000000003,0.005121024,-0.004670467,-0.000510056
WT,Glutamate,20,282.875,0.6875,-0.3125,282.068,109.80647866666669,482.048,0.00875,-0.00430043,7.74311134156191e-05
WT,Glutamate,23,312.862,0.6828,-0.3172,312.055,92.46051113333336,513.406,0.00662,-0.002770277,0.000265235
WT,Glutamate,20,282.875,0.6753,-0.3247,282.068,106.11106173333337,482.048,0.00753,-0.002940294,0.000345589
WT,ATP,24,322.87,1.1978,0.19779999999999998,322.063,77.67507186666668,129.92200000000003,0.031481113320079517,-0.017271727,-0.003551228
WT,ATP,26,342.859,1.336,0.3360000000000001,342.05199999999996,93.10407187,119.98200000000003,0.048158954,-0.038063806,-0.006660305
WT,ATP,22,302.875,1.1262,0.1262000000000001,302.068,65.71245386666669,241.54299999999995,0.035974155,-0.013321332,-0.001619671
WT,ATP,26,342.859,1.1196,0.11959999999999993,342.05199999999996,74.62012986666669,291.602,0.0251,-0.022222222,-0.004496202
WT,ATP,23,312.862,0.6879,-0.3121,312.055,16.74629373333334,513.406,0.00477,-0.001818545,-0.000136975
WT,ATP,31,392.858,0.6209,-0.3791,392.051,4.366064133333341,479.69100000000003,0.003080616,-0.005570557,0.000491054
WT,ATP,22,302.875,0.7418,-0.2582,302.068,27.290129466666667,513.4069999999999,0.013440000000000007,-0.005510551,-4.20E-05
WT,ATP,21,292.935,0.7017,-0.2983,292.128,21.326306666666667,513.397,0.00763,-0.004370437,0.000194418
WT,ATP,26,342.859,0.9192,-0.0808,342.05199999999996,45.03896533333334,513.4069999999999,0.012370000000000003,-0.012791279,-0.002492148
WT,ATP,24,322.87,0.9612,-0.0388,322.063,46.9473612,513.405,0.012664015904572558,-0.016231623,-0.00128904
WT,ATP,25,332.859,1.2184,0.21839999999999993,332.05199999999996,78.79830306666669,139.98200000000003,0.031371769,-0.020042004,-0.005484346
WT,ATP,26,342.859,0.8325,-0.1675,342.05199999999996,34.728278933333335,513.4069999999999,0.009144869,-0.004240424,-0.001624997
WT,ATP,25,332.859,0.9517,-0.0483,332.05199999999996,52.92215573333334,513.4069999999999,0.023280000000000002,-0.020982098,-0.002817201
WT,ATP,20,282.875,0.7714,-0.2286,282.068,34.94222773333334,482.048,0.01714,-0.013131313,1.79675454438525e-05
WT,ATP,20,282.875,0.6938,-0.3062,282.068,22.25136093333334,482.048,0.00938,-0.003960396,0.000133365
WT,ATP,31,392.858,0.7955,-0.2045,392.051,32.13414973333334,479.69100000000003,0.013800000000000002,-0.01160116,-0.001255138
WT,ATP,21,292.935,0.6941,-0.3059,292.128,21.2138464,513.397,0.00853,-0.004480448,0.000368167
WT,ATP,21,292.935,0.847,-0.153,292.128,46.79032826666667,513.397,0.024670000000000004,-0.019721972,0.00052928
WT,ATP,31,392.858,0.8521,-0.1479,392.051,38.730218666666666,479.69100000000003,0.016510000000000004,-0.014741474,-0.001821138
WT,ATP,20,282.875,0.8494,-0.1506,282.068,45.94824773333333,482.048,0.024940000000000007,-0.019261926,-6.98E-05
WT,ATP,20,282.875,0.7211,-0.2789,282.068,28.086951600000003,482.048,0.01211,-0.006890689,0.000277509
WT,ATP,20,282.875,0.7495,-0.2505,282.068,33.875912400000004,482.048,0.014950000000000008,-0.010211021,0.000532561
WT,ATP,20,282.875,0.7254,-0.2746,282.068,28.945489733333332,482.048,0.012540000000000006,-0.00710071,0.00035045
WT,ATP,21,292.935,0.72,-0.28,292.128,27.025436400000004,513.397,0.01149,-0.007490749,0.000639894
WT,ATP,31,392.858,0.721,-0.279,392.051,17.60826053333334,479.69100000000003,0.005121024,-0.004670467,-0.000510056
WT,ATP,20,282.875,0.6875,-0.3125,282.068,20.162617200000003,482.048,0.00875,-0.00430043,7.74311134156191e-05
WT,ATP,23,312.862,0.6828,-0.3172,312.055,18.899496400000004,513.406,0.00662,-0.002770277,0.000265235
WT,ATP,20,282.875,0.6753,-0.3247,282.068,20.92309546666667,482.048,0.00753,-0.002940294,0.000345589
WT,KCl,24,322.87,1.1978,0.19779999999999998,322.063,213.87234073333335,129.92200000000003,0.031481113320079517,-0.017271727,-0.003551228
WT,KCl,26,342.859,1.336,0.3360000000000001,342.05199999999996,271.30250739999997,119.98200000000003,0.048158954,-0.038063806,-0.006660305
WT,KCl,22,302.875,1.1262,0.1262000000000001,302.068,177.191779,241.54299999999995,0.035974155,-0.013321332,-0.001619671
WT,KCl,26,342.859,1.1196,0.11959999999999993,342.05199999999996,177.95260013333333,291.602,0.0251,-0.022222222,-0.004496202
WT,KCl,23,312.862,0.6879,-0.3121,312.055,82.08193713333335,513.406,0.00477,-0.001818545,-0.000136975
WT,KCl,31,392.858,0.6209,-0.3791,392.051,49.46708833333335,479.69100000000003,0.003080616,-0.005570557,0.000491054
WT,KCl,22,302.875,0.7418,-0.2582,302.068,162.98338433333333,513.4069999999999,0.013440000000000007,-0.005510551,-4.20E-05
WT,KCl,21,292.935,0.7017,-0.2983,292.128,125.71789206666668,513.397,0.00763,-0.004370437,0.000194418
WT,KCl,26,342.859,0.9192,-0.0808,342.05199999999996,148.9659664,513.4069999999999,0.012370000000000003,-0.012791279,-0.002492148
WT,KCl,24,322.87,0.9612,-0.0388,322.063,140.7803676,513.405,0.012664015904572558,-0.016231623,-0.00128904
WT,KCl,25,332.859,1.2184,0.21839999999999993,332.05199999999996,209.89543026666666,139.98200000000003,0.031371769,-0.020042004,-0.005484346
WT,KCl,26,342.859,0.8325,-0.1675,342.05199999999996,121.43857320000001,513.4069999999999,0.009144869,-0.004240424,-0.001624997
WT,KCl,25,332.859,0.9517,-0.0483,332.05199999999996,164.36993713333337,513.4069999999999,0.023280000000000002,-0.020982098,-0.002817201
WT,KCl,20,282.875,0.7714,-0.2286,282.068,136.397503,482.048,0.01714,-0.013131313,1.79675454438525e-05
WT,KCl,20,282.875,0.6938,-0.3062,282.068,84.93664500000003,482.048,0.00938,-0.003960396,0.000133365
WT,KCl,31,392.858,0.7955,-0.2045,392.051,125.05753086666671,479.69100000000003,0.013800000000000002,-0.01160116,-0.001255138
WT,KCl,21,292.935,0.6941,-0.3059,292.128,116.91101886666667,513.397,0.00853,-0.004480448,0.000368167
WT,KCl,21,292.935,0.847,-0.153,292.128,163.7315194,513.397,0.024670000000000004,-0.019721972,0.00052928
WT,KCl,31,392.858,0.8521,-0.1479,392.051,157.07270586666667,479.69100000000003,0.016510000000000004,-0.014741474,-0.001821138
WT,KCl,20,282.875,0.8494,-0.1506,282.068,156.99076073333336,482.048,0.024940000000000007,-0.019261926,-6.98E-05
WT,KCl,20,282.875,0.7211,-0.2789,282.068,104.80336826666668,482.048,0.01211,-0.006890689,0.000277509
WT,KCl,20,282.875,0.7495,-0.2505,282.068,113.84716233333334,482.048,0.014950000000000008,-0.010211021,0.000532561
WT,KCl,20,282.875,0.7254,-0.2746,282.068,110.56969986666667,482.048,0.012540000000000006,-0.00710071,0.00035045
WT,KCl,21,292.935,0.72,-0.28,292.128,112.11225700000003,513.397,0.01149,-0.007490749,0.000639894
WT,KCl,31,392.858,0.721,-0.279,392.051,100.63890973333334,479.69100000000003,0.005121024,-0.004670467,-0.000510056
WT,KCl,20,282.875,0.6875,-0.3125,282.068,109.80647866666669,482.048,0.00875,-0.00430043,7.74311134156191e-05
WT,KCl,23,312.862,0.6828,-0.3172,312.055,92.46051113333336,513.406,0.00662,-0.002770277,0.000265235
WT,KCl,20,282.875,0.6753,-0.3247,282.068,106.11106173333337,482.048,0.00753,-0.002940294,0.000345589
Hom,Glutamate,21,276.283,0.8607,-0.1393,275.476,28.69969334848485,464.668,0.003066427,-0.003909609,-0.000481101
Hom,Glutamate,21,276.283,0.7814,-0.2186,275.476,25.525514904545318,464.668,0.002714571,-0.002861431,-0.000549111
Hom,Glutamate,25,316.277,0.9424,-0.0576,315.46999999999997,7.849614280302955,464.6580000000001,0.003420342,-0.002910582,-0.000879041
Hom,Glutamate,22,286.278,0.9222,-0.0778,285.471,24.41344360909079,464.663,0.003431716,-0.004328269,-0.001056871
Hom,Glutamate,21,276.283,0.7516,-0.2484,275.476,29.680110846969658,464.668,0.001722929,-0.002279088,-0.000457937
Hom,Glutamate,21,276.283,0.7189,-0.2811,275.476,51.29699516060625,464.668,0.003060306,-0.003951976,-0.000423123
Hom,Glutamate,22,286.278,1.3569,0.3569,285.471,106.80668277575765,209.99,0.011905952976488238,-0.006661332,-0.001403976
Hom,Glutamate,22,286.278,1.5432,0.5431999999999999,285.471,136.5690956515151,149.99199999999996,0.021870935,-0.0148,-0.004170266
Hom,Glutamate,22,286.278,1.5069,0.5068999999999999,285.471,143.5777665999998,149.99199999999996,0.021250625,-0.009270927,-0.004014914
Hom,Glutamate,23,296.279,1.559,0.5589999999999999,295.472,151.60485255454543,149.99699999999996,0.073816908,-0.009129087,-0.004002201
Hom,Glutamate,22,286.278,1.8401,0.8401000000000001,285.471,225.60860198181825,159.99199999999996,0.044792396,-0.01290129,-0.00645923
Hom,Glutamate,22,286.278,1.662,0.6619999999999999,285.471,213.49345866969702,199.99,0.02317189,-0.010607878,-0.004676855
Hom,Glutamate,23,296.279,1.5131,0.5130999999999999,295.472,155.56453641666667,139.99,0.033256628314157065,-0.014492899,-0.004466146
Hom,Glutamate,23,296.279,1.6984,0.6983999999999999,295.472,235.53940805757574,189.99,0.02471385,-0.012991299,-0.002743412
Hom,Glutamate,23,296.279,1.7282,0.7282,295.472,216.81619141666678,159.99199999999996,0.035817909,-0.009940994,-0.004390286
Hom,Glutamate,22,286.278,1.4845,0.48449999999999993,285.471,122.63015377878774,150.02599999999998,0.069674837,-0.022217778,-0.007173279
Hom,Glutamate,22,286.278,1.7667,0.7666999999999999,285.471,320.4533012590908,209.99,0.034577288644322135,-0.010272054,-0.003461486
Hom,Glutamate,11,111.611,1.0133,0.0133,110.804,13.594649278787871,284.662,0.037043704,-0.026752675,-0.002045301
Hom,Glutamate,14,176.268,0.9509,-0.0491,175.461,15.924694072727267,405.467,0.032003200320032024,-0.024357564,0.005378609
Hom,Glutamate,13,131.611,0.5713,-0.4287,130.804,0.9109258242424259,395.469,0.000839916,-0.048160736,0.009290782
Hom,Glutamate,23,296.279,1.2078,0.20779999999999998,295.472,85.49691157878776,159.99199999999996,0.021650825412706347,-0.0088,-0.002330776
Hom,Glutamate,23,296.279,0.9217,-0.0783,295.472,41.70854294696973,464.65700000000004,0.006483242,-0.005730573,-0.001220905
Hom,Glutamate,24,306.277,2.0737,1.0737,305.46999999999997,438.7676825848485,89.993,0.042985701,-0.01746,-0.011761351
Hom,Glutamate,22,286.278,1.5786,0.5786,285.471,115.65047382424248,109.99799999999999,0.090675338,-0.014684126,-0.006869742
Hom,Glutamate,22,286.278,1.8455,0.8454999999999999,285.471,204.67063373787886,139.99,0.038589294647323635,-0.014791479,-0.005601634
Hom,Glutamate,22,286.278,1.6754,0.6754,285.471,216.83928441212123,209.99,0.031735868,-0.012617477,-0.00406246
Hom,Glutamate,23,296.279,1.3814,0.38139999999999996,295.472,229.49188999393937,109.993,0.014702354,-0.013281328,-0.005860788
Hom,Glutamate,23,296.279,1.2466,0.24659999999999993,295.472,91.94503544242426,110.00799999999998,0.035257629,-0.011465414,-0.005013
Hom,Glutamate,46,520.811,1.7313,0.7313000000000001,518.648,171.5436815363635,170.63399999999996,0.08055,-0.037223722,-0.006600969
Hom,Glutamate,46,520.811,1.6149,0.6149,518.648,196.4658473545454,240.63299999999998,0.07525,-0.030233959,-0.00319766
Hom,Glutamate,46,520.811,1.5143,0.5143,518.648,102.8445758757575,170.63399999999996,0.06271,-0.021257154,-0.005952235
Hom,Glutamate,46,520.811,1.4215,0.4215,518.648,120.91412848484858,240.63299999999998,0.059759999999999994,-0.016256652,-0.003224035
Hom,Glutamate,46,520.811,1.3044,0.3044,518.648,99.24749698484855,230.63299999999998,0.044930000000000005,-0.014961342,-0.003143487
Hom,Glutamate,46,520.811,1.3452,0.34519999999999995,518.648,156.7021199151515,240.63299999999998,0.05206,-0.014341434,-0.001845508
Hom,Glutamate,23,260.138,0.6728,-0.3272,257.97499999999997,171.68128903333348,428.542,0.003960396,-0.002220222,-0.000587023
Hom,Glutamate,46,520.811,1.603,0.603,518.648,161.6792761090909,210.63399999999996,0.07684,-0.026012601,-0.005296738
Hom,Glutamate,46,520.811,1.5347,0.5347,518.648,151.77593889393935,120.66000000000003,0.06794,-0.020996084,-0.006517924
Hom,Glutamate,46,520.811,1.5062,0.5062,518.648,164.63769175454556,130.64500000000004,0.06108,-0.021939954,-0.006011821
Hom,Glutamate,46,520.811,1.5111,0.5111000000000001,518.648,140.81864177272737,210.63399999999996,0.07093,-0.046008635,-0.005269248
Hom,Glutamate,15,180.14,0.5628,-0.4372,177.97699999999998,312.1900046666666,377.972,0.002489906,-0.00171,-0.000136979
Hom,Glutamate,46,520.811,1.1043,0.10430000000000006,518.648,82.28560831818183,220.63299999999998,0.029559999999999996,-0.018566121,-0.004418007
Hom,Glutamate,47,530.77,1.519,0.5189999999999999,528.607,203.24525424848477,110.637,0.045084848,-0.052935294,-0.008163769
Hom,Glutamate,46,520.811,1.196,0.19599999999999995,518.648,18.101389351514996,120.66000000000003,0.05051,-0.011408859,-0.004567387
Hom,Glutamate,46,520.811,1.2408,0.2407999999999999,518.648,32.796101724242604,160.63399999999996,0.04849,-0.018977809,-0.003246256
Hom,Glutamate,46,520.811,1.0127,0.012699999999999934,518.648,12.250523790909101,240.63299999999998,0.028270000000000007,-0.014479365,-0.001301809
Hom,Glutamate,46,520.811,1.3533,0.35329999999999995,518.648,76.48458999999997,150.63500000000005,0.04504,-0.041098504,-0.005764154
Hom,Glutamate,45,480.132,0.9983,-0.0017,477.969,18.610413381818102,230.63299999999998,0.02609,-0.015935335,-0.001193412
Hom,Glutamate,46,520.811,1.2135,0.21350000000000002,518.648,106.84097847878792,240.63299999999998,0.046819999999999994,-0.014479365,-0.003174275
Hom,Glutamate,46,520.811,1.3825,0.38250000000000006,518.648,97.33474549999991,200.63299999999998,0.05286,-0.021452145,-0.004357196
Hom,Glutamate,46,520.811,1.3005,0.3005,518.648,-8.445250797,160.63399999999996,0.04836,-0.024882016,-0.003790087
Hom,Glutamate,46,520.811,1.0969,0.0969,518.648,-39.52999117,140.656,0.04589,-0.016718546,-0.003238928
Hom,Glutamate,46,520.811,1.3428,0.3428,518.648,45.49314037575758,180.63299999999998,0.05958,-0.03169997,-0.004110156
Hom,Glutamate,46,520.811,1.3273,0.3272999999999999,518.648,61.711104430303095,60.637,0.02186,-0.030183753,-0.006284072
Hom,Glutamate,23,260.138,0.8606,-0.1394,257.97499999999997,136.73196836060606,428.542,0.018011801180118074,-0.009879012,-0.002228125
Hom,Glutamate,23,260.138,0.9672,-0.0328,257.97499999999997,89.89167896969684,218.52700000000002,0.027322732273227412,-0.018388161,-0.003015128
Hom,Glutamate,46,520.811,1.2489,0.2488999999999999,518.648,111.74263611212106,150.63500000000005,0.04858,-0.014399036,-0.003708559
Hom,ATP,46,520.811,1.7313,0.7313000000000001,518.648,171.5436815363635,170.63399999999996,0.08055,-0.037223722,-0.006600969
Hom,ATP,46,520.811,1.6149,0.6149,518.648,196.4658473545454,240.63299999999998,0.07525,-0.030233959,-0.00319766
Hom,ATP,46,520.811,1.5143,0.5143,518.648,102.8445758757575,170.63399999999996,0.06271,-0.021257154,-0.005952235
Hom,ATP,46,520.811,1.4215,0.4215,518.648,120.91412848484858,240.63299999999998,0.059759999999999994,-0.016256652,-0.003224035
Hom,ATP,46,520.811,1.3044,0.3044,518.648,99.24749698484855,230.63299999999998,0.044930000000000005,-0.014961342,-0.003143487
Hom,ATP,46,520.811,1.3452,0.34519999999999995,518.648,156.7021199151515,240.63299999999998,0.05206,-0.014341434,-0.001845508
Hom,ATP,23,260.138,0.6728,-0.3272,257.97499999999997,171.68128903333348,428.542,0.003960396,-0.002220222,-0.000587023
Hom,ATP,46,520.811,1.603,0.603,518.648,161.6792761090909,210.63399999999996,0.07684,-0.026012601,-0.005296738
Hom,ATP,46,520.811,1.5347,0.5347,518.648,151.77593889393935,120.66000000000003,0.06794,-0.020996084,-0.006517924
Hom,ATP,46,520.811,1.5062,0.5062,518.648,164.63769175454556,130.64500000000004,0.06108,-0.021939954,-0.006011821
Hom,ATP,46,520.811,1.5111,0.5111000000000001,518.648,140.81864177272737,210.63399999999996,0.07093,-0.046008635,-0.005269248
Hom,ATP,15,180.14,0.5628,-0.4372,177.97699999999998,0.4042356666666639,377.972,0.002489906,-0.00171,-0.000136979
Hom,ATP,46,520.811,1.1043,0.10430000000000006,518.648,82.28560831818183,220.63299999999998,0.029559999999999996,-0.018566121,-0.004418007
Hom,ATP,47,530.77,1.519,0.5189999999999999,528.607,203.24525424848477,110.637,0.045084848,-0.052935294,-0.008163769
Hom,ATP,46,520.811,1.196,0.19599999999999995,518.648,18.101389351514996,120.66000000000003,0.05051,-0.011408859,-0.004567387
Hom,ATP,46,520.811,1.2408,0.2407999999999999,518.648,32.796101724242604,160.63399999999996,0.04849,-0.018977809,-0.003246256
Hom,ATP,46,520.811,1.0127,0.012699999999999934,518.648,12.250523790909101,240.63299999999998,0.028270000000000007,-0.014479365,-0.001301809
Hom,ATP,46,520.811,1.3533,0.35329999999999995,518.648,76.48458999999997,150.63500000000005,0.04504,-0.041098504,-0.005764154
Hom,ATP,45,480.132,0.9983,-0.0017,477.969,18.610413381818102,230.63299999999998,0.02609,-0.015935335,-0.001193412
Hom,ATP,46,520.811,1.2135,0.21350000000000002,518.648,106.84097847878792,240.63299999999998,0.046819999999999994,-0.014479365,-0.003174275
Hom,ATP,46,520.811,1.3825,0.38250000000000006,518.648,97.33474549999991,200.63299999999998,0.05286,-0.021452145,-0.004357196
Hom,ATP,46,520.811,1.3005,0.3005,518.648,-8.445250797,160.63399999999996,0.04836,-0.024882016,-0.003790087
Hom,ATP,46,520.811,1.0969,0.0969,518.648,-39.52999117,140.656,0.04589,-0.016718546,-0.003238928
Hom,ATP,46,520.811,1.3428,0.3428,518.648,45.49314037575758,180.63299999999998,0.05958,-0.03169997,-0.004110156
Hom,ATP,46,520.811,1.3273,0.3272999999999999,518.648,61.711104430303095,60.637,0.02186,-0.030183753,-0.006284072
Hom,ATP,23,260.138,0.8606,-0.1394,257.97499999999997,136.73196836060606,428.542,0.018011801180118074,-0.009879012,-0.002228125
Hom,ATP,23,260.138,0.9672,-0.0328,257.97499999999997,89.89167896969684,218.52700000000002,0.027322732273227412,-0.018388161,-0.003015128
Hom,ATP,46,520.811,1.2489,0.2488999999999999,518.648,111.74263611212106,150.63500000000005,0.04858,-0.014399036,-0.003708559
Hom,ATP,21,276.283,0.8607,-0.1393,275.476,1.8566342969696965,464.668,0.003066427,-0.003909609,-0.000481101
Hom,ATP,21,276.283,0.7814,-0.2186,275.476,1.317061509090907,464.668,0.002714571,-0.002861431,-0.000549111
Hom,ATP,25,316.277,0.9424,-0.0576,315.46999999999997,7.849614280302955,464.6580000000001,0.003420342,-0.002910582,-0.000879041
Hom,ATP,22,286.278,0.9222,-0.0778,285.471,3.0790006181818166,464.663,0.003431716,-0.004328269,-0.001056871
Hom,ATP,21,276.283,0.7516,-0.2484,275.476,1.1260677939393937,464.668,0.001722929,-0.002279088,-0.000457937
Hom,ATP,21,276.283,0.7189,-0.2811,275.476,0.772449655,464.668,0.003060306,-0.003951976,-0.000423123
Hom,ATP,22,286.278,1.3569,0.3569,285.471,11.62993681818182,209.99,0.011905952976488238,-0.006661332,-0.001403976
Hom,ATP,22,286.278,1.5432,0.5431999999999999,285.471,17.981091369696966,149.99199999999996,0.021870935,-0.0148,-0.004170266
Hom,ATP,22,286.278,1.5069,0.5068999999999999,285.471,16.60228493333333,149.99199999999996,0.021250625,-0.009270927,-0.004014914
Hom,ATP,23,296.279,1.559,0.5589999999999999,295.472,16.18086844242424,149.99699999999996,0.073816908,-0.009129087,-0.004002201
Hom,ATP,22,286.278,1.8401,0.8401000000000001,285.471,24.74983403030303,159.99199999999996,0.044792396,-0.01290129,-0.00645923
Hom,ATP,22,286.278,1.662,0.6619999999999999,285.471,23.58623500606061,199.99,0.02317189,-0.010607878,-0.004676855
Hom,ATP,23,296.279,1.5131,0.5130999999999999,295.472,17.593181400000006,139.99,0.033256628314157065,-0.014492899,-0.004466146
Hom,ATP,23,296.279,1.6984,0.6983999999999999,295.472,22.745496181818183,189.99,0.02471385,-0.012991299,-0.002743412
Hom,ATP,23,296.279,1.7282,0.7282,295.472,21.70146046666667,159.99199999999996,0.035817909,-0.009940994,-0.004390286
Hom,ATP,22,286.278,1.4845,0.48449999999999993,285.471,16.21997029090909,150.02599999999998,0.069674837,-0.022217778,-0.007173279
Hom,ATP,22,286.278,1.7667,0.7666999999999999,285.471,23.408395218181816,209.99,0.034577288644322135,-0.010272054,-0.003461486
Hom,ATP,11,111.611,1.0133,0.0133,110.804,346.90759140909086,284.662,0.037043704,-0.026752675,-0.002045301
Hom,ATP,14,176.268,0.9509,-0.0491,175.461,382.6053867545454,405.467,0.032003200320032024,-0.024357564,0.005378609
Hom,ATP,13,131.611,0.5713,-0.4287,130.804,248.81520548484852,395.469,0.000839916,-0.048160736,0.009290782
Hom,ATP,23,296.279,1.2078,0.20779999999999998,295.472,9.467980890909091,159.99199999999996,0.021650825412706347,-0.0088,-0.002330776
Hom,ATP,23,296.279,0.9217,-0.0783,295.472,4.950359460606061,464.65700000000004,0.006483242,-0.005730573,-0.001220905
Hom,ATP,24,306.277,2.0737,1.0737,305.46999999999997,438.7676825848485,89.993,0.042985701,-0.01746,-0.011761351
Hom,ATP,22,286.278,1.5786,0.5786,285.471,18.042247315151517,109.99799999999999,0.090675338,-0.014684126,-0.006869742
Hom,ATP,22,286.278,1.8455,0.8454999999999999,285.471,25.114773709090912,139.99,0.038589294647323635,-0.014791479,-0.005601634
Hom,ATP,22,286.278,1.6754,0.6754,285.471,21.374935490909092,209.99,0.031735868,-0.012617477,-0.00406246
Hom,ATP,23,296.279,1.3814,0.38139999999999996,295.472,14.87643732121212,109.993,0.014702354,-0.013281328,-0.005860788
Hom,ATP,23,296.279,1.2466,0.24659999999999993,295.472,8.783943951515152,110.00799999999998,0.035257629,-0.011465414,-0.005013
Hom,KCl,21,276.283,0.8607,-0.1393,275.476,28.69969334848485,464.668,0.003066427,-0.003909609,-0.000481101
Hom,KCl,21,276.283,0.7814,-0.2186,275.476,25.525514904545318,464.668,0.002714571,-0.002861431,-0.000549111
Hom,KCl,25,316.277,0.9424,-0.0576,315.46999999999997,7.849614280302955,464.6580000000001,0.003420342,-0.002910582,-0.000879041
Hom,KCl,22,286.278,0.9222,-0.0778,285.471,24.41344360909079,464.663,0.003431716,-0.004328269,-0.001056871
Hom,KCl,21,276.283,0.7516,-0.2484,275.476,29.680110846969658,464.668,0.001722929,-0.002279088,-0.000457937
Hom,KCl,21,276.283,0.7189,-0.2811,275.476,51.29699516060625,464.668,0.003060306,-0.003951976,-0.000423123
Hom,KCl,22,286.278,1.3569,0.3569,285.471,106.80668277575765,209.99,0.011905952976488238,-0.006661332,-0.001403976
Hom,KCl,22,286.278,1.5432,0.5431999999999999,285.471,136.5690956515151,149.99199999999996,0.021870935,-0.0148,-0.004170266
Hom,KCl,22,286.278,1.5069,0.5068999999999999,285.471,143.5777665999998,149.99199999999996,0.021250625,-0.009270927,-0.004014914
Hom,KCl,23,296.279,1.559,0.5589999999999999,295.472,151.60485255454543,149.99699999999996,0.073816908,-0.009129087,-0.004002201
Hom,KCl,22,286.278,1.8401,0.8401000000000001,285.471,225.60860198181825,159.99199999999996,0.044792396,-0.01290129,-0.00645923
Hom,KCl,22,286.278,1.662,0.6619999999999999,285.471,213.49345866969702,199.99,0.02317189,-0.010607878,-0.004676855
Hom,KCl,23,296.279,1.5131,0.5130999999999999,295.472,155.56453641666667,139.99,0.033256628314157065,-0.014492899,-0.004466146
Hom,KCl,23,296.279,1.6984,0.6983999999999999,295.472,235.53940805757574,189.99,0.02471385,-0.012991299,-0.002743412
Hom,KCl,23,296.279,1.7282,0.7282,295.472,216.81619141666678,159.99199999999996,0.035817909,-0.009940994,-0.004390286
Hom,KCl,22,286.278,1.4845,0.48449999999999993,285.471,122.63015377878774,150.02599999999998,0.069674837,-0.022217778,-0.007173279
Hom,KCl,22,286.278,1.7667,0.7666999999999999,285.471,320.4533012590908,209.99,0.034577288644322135,-0.010272054,-0.003461486
Hom,KCl,11,111.611,1.0133,0.0133,110.804,346.90759140909086,284.662,0.037043704,-0.026752675,-0.002045301
Hom,KCl,14,176.268,0.9509,-0.0491,175.461,382.6053867545454,405.467,0.032003200320032024,-0.024357564,0.005378609
Hom,KCl,13,131.611,0.5713,-0.4287,130.804,248.81520548484852,395.469,0.000839916,-0.048160736,0.009290782
Hom,KCl,23,296.279,1.2078,0.20779999999999998,295.472,85.49691157878776,159.99199999999996,0.021650825412706347,-0.0088,-0.002330776
Hom,KCl,23,296.279,0.9217,-0.0783,295.472,41.70854294696973,464.65700000000004,0.006483242,-0.005730573,-0.001220905
Hom,KCl,24,306.277,2.0737,1.0737,305.46999999999997,438.7676825848485,89.993,0.042985701,-0.01746,-0.011761351
Hom,KCl,22,286.278,1.5786,0.5786,285.471,115.65047382424248,109.99799999999999,0.090675338,-0.014684126,-0.006869742
Hom,KCl,22,286.278,1.8455,0.8454999999999999,285.471,204.67063373787886,139.99,0.038589294647323635,-0.014791479,-0.005601634
Hom,KCl,22,286.278,1.6754,0.6754,285.471,216.83928441212123,209.99,0.031735868,-0.012617477,-0.00406246
Hom,KCl,23,296.279,1.3814,0.38139999999999996,295.472,229.49188999393937,109.993,0.014702354,-0.013281328,-0.005860788
Hom,KCl,23,296.279,1.2466,0.24659999999999993,295.472,91.94503544242426,110.00799999999998,0.035257629,-0.011465414,-0.005013
Hom,KCl,46,520.811,1.7313,0.7313000000000001,518.648,136.78027834318175,170.63399999999996,0.08055,-0.037223722,-0.006600969
Hom,KCl,46,520.811,1.6149,0.6149,518.648,156.21772842727268,240.63299999999998,0.07525,-0.030233959,-0.00319766
Hom,KCl,46,520.811,1.5143,0.5143,518.648,91.46973532954543,170.63399999999996,0.06271,-0.021257154,-0.005952235
Hom,KCl,46,520.811,1.4215,0.4215,518.648,106.27067326742427,240.63299999999998,0.059759999999999994,-0.016256652,-0.003224035
Hom,KCl,46,520.811,1.3044,0.3044,518.648,80.75689890909095,230.63299999999998,0.044930000000000005,-0.014961342,-0.003143487
Hom,KCl,46,520.811,1.3452,0.34519999999999995,518.648,129.4363423325758,240.63299999999998,0.05206,-0.014341434,-0.001845508
Hom,KCl,23,260.138,0.6728,-0.3272,257.97499999999997,171.68128903333348,428.542,0.003960396,-0.002220222,-0.000587023
Hom,KCl,46,520.811,1.603,0.603,518.648,135.77356416287878,210.63399999999996,0.07684,-0.026012601,-0.005296738
Hom,KCl,46,520.811,1.5347,0.5347,518.648,74.35647659696967,120.66000000000003,0.06794,-0.020996084,-0.006517924
Hom,KCl,46,520.811,1.5062,0.5062,518.648,82.38488438,130.64500000000004,0.06108,-0.021939954,-0.006011821
Hom,KCl,46,520.811,1.5111,0.5111000000000001,518.648,112.1363474613637,210.63399999999996,0.07093,-0.046008635,-0.005269248
Hom,KCl,15,180.14,0.5628,-0.4372,177.97699999999998,312.1900046666666,377.972,0.002489906,-0.00171,-0.000136979
Hom,KCl,46,520.811,1.1043,0.10430000000000006,518.648,37.13656855075757,220.63299999999998,0.029559999999999996,-0.018566121,-0.004418007
Hom,KCl,47,530.77,1.519,0.5189999999999999,528.607,97.81490725,110.637,0.045084848,-0.052935294,-0.008163769
Hom,KCl,46,520.811,1.196,0.19599999999999995,518.648,15.704473784090846,120.66000000000003,0.05051,-0.011408859,-0.004567387
Hom,KCl,46,520.811,1.2408,0.2407999999999999,518.648,17.88611839545462,160.63399999999996,0.04849,-0.018977809,-0.003246256
Hom,KCl,46,520.811,1.0127,0.012699999999999934,518.648,2.929198612121213,240.63299999999998,0.028270000000000007,-0.014479365,-0.001301809
Hom,KCl,46,520.811,1.3533,0.35329999999999995,518.648,55.55298701666665,150.63500000000005,0.04504,-0.041098504,-0.005764154
Hom,KCl,45,480.132,0.9983,-0.0017,477.969,7.664450140909061,230.63299999999998,0.02609,-0.015935335,-0.001193412
Hom,KCl,46,520.811,1.2135,0.21350000000000002,518.648,81.82464867272729,240.63299999999998,0.046819999999999994,-0.014479365,-0.003174275
Hom,KCl,46,520.811,1.3825,0.38250000000000006,518.648,74.59028563333331,200.63299999999998,0.05286,-0.021452145,-0.004357196
Hom,KCl,46,520.811,1.3005,0.3005,518.648,27.65305790984858,160.63399999999996,0.04836,-0.024882016,-0.003790087
Hom,KCl,46,520.811,1.0969,0.0969,518.648,-7.883768911,140.656,0.04589,-0.016718546,-0.003238928
Hom,KCl,46,520.811,1.3428,0.3428,518.648,54.408128662878774,180.63299999999998,0.05958,-0.03169997,-0.004110156
Hom,KCl,46,520.811,1.3273,0.3272999999999999,518.648,30.880466740151544,60.637,0.02186,-0.030183753,-0.006284072
Hom,KCl,23,260.138,0.8606,-0.1394,257.97499999999997,136.73196836060606,428.542,0.018011801180118074,-0.009879012,-0.002228125
Hom,KCl,23,260.138,0.9672,-0.0328,257.97499999999997,89.89167896969684,218.52700000000002,0.027322732273227412,-0.018388161,-0.003015128
Hom,KCl,46,520.811,1.2489,0.2488999999999999,518.648,52.12663493106053,150.63500000000005,0.04858,-0.014399036,-0.003708559